Workbook
Name mesice: 'Tabulka klientů 2023'!$N$300:$N$311
Name produkty: 'Tabulka klientů 2023'!$B$312:$B$319

Sheet Hlavní stránka
B1: Natalie Kruts | H1: Leden | I1: =MAX(T4:T294) -> 0 | T1: Pozice | U1: Únor | V1: =MAX(AG4:AG294) -> 0 | AG1: Pozice | AH1: Březen | AI1: =MAX(AT4:AT294) -> 0 | AT1: Pozice | AU1: Duben | AV1: =MAX(BG4:BG294) -> 0 | BG1: Pozice | BH1: Květen | BI1: =MAX(BT4:BT294) -> 0 | BT1: Pozice | BU1: Červen | BV1: =MAX(CG4:CG294) -> 0 | CG1: Pozice | CH1: Červenec | CI1: =MAX(CT4:CT294) -> 0 | CT1: Pozice | CU1: Srpen | CV1: =MAX(DG4:DG294) -> 0 | DG1: Pozice | DH1: Září | DI1: =MAX(DT4:DT294) -> 0 | DT1: Pozice | DU1: Říjen | DV1: =MAX(EG4:EG294) -> 0 | EG1: Pozice | EH1: Listopad | EI1: =MAX(ET4:ET294) -> 0 | ET1: Pozice | EU1: Prosinec | EV1: =MAX(FG4:FG294) -> 0 | FG1: Pozice
H2: ŽP | I2: In. S | J2: In. D | K2: Hypo | L2: Úvěr | M2: DPS | N2: POV, HAV | O2: NEM, DOM, ODP | P2: SS | Q2: TIP reality | R2: Ostatní | S2: max | T2: 0 | U2: ŽP | V2: In. S | W2: In. D | X2: Hypo | Y2: Úvěr | Z2: DPS | AA2: POV, HAV | AB2: NEM, DOM, ODP | AC2: SS | AD2: TIP reality | AE2: Ostatní | AF2: max | AG2: 0 | AH2: ŽP | AI2: In. S | AJ2: In. D | AK2: Hypo | AL2: Úvěr | AM2: DPS | AN2: POV, HAV | AO2: NEM, DOM, ODP | AP2: SS | AQ2: TIP reality | AR2: Ostatní | AS2: max | AT2: 0 | AU2: ŽP | AV2: In. S | AW2: In. D | AX2: Hypo | AY2: Úvěr | AZ2: DPS | BA2: POV, HAV | BB2: NEM, DOM, ODP | BC2: SS | BD2: TIP reality | BE2: Ostatní | BF2: max | BG2: 0 | BH2: ŽP | BI2: In. S | BJ2: In. D | BK2: Hypo | BL2: Úvěr | BM2: DPS | BN2: POV, HAV | BO2: NEM, DOM, ODP | BP2: SS | BQ2: TIP reality | BR2: Ostatní | BS2: max | BT2: 0 | BU2: ŽP | BV2: In. S | BW2: In. D | BX2: Hypo | BY2: Úvěr | BZ2: DPS | CA2: POV, HAV | CB2: NEM, DOM, ODP | CC2: SS | CD2: TIP reality | CE2: Ostatní | CF2: max | CG2: 0 | CH2: ŽP | CI2: In. S | CJ2: In. D | CK2: Hypo | CL2: Úvěr | CM2: DPS | CN2: POV, HAV | CO2: NEM, DOM, ODP | CP2: SS | CQ2: TIP reality | CR2: Ostatní | CS2: max | CT2: 0 | CU2: ŽP | CV2: In. S | CW2: In. D | CX2: Hypo | CY2: Úvěr | CZ2: DPS | DA2: POV, HAV | DB2: NEM, DOM, ODP | DC2: SS | DD2: TIP reality | DE2: Ostatní | DF2: max | DG2: 0 | DH2: ŽP | DI2: In. S | DJ2: In. D | DK2: Hypo | DL2: Úvěr | DM2: DPS | DN2: POV, HAV | DO2: NEM, DOM, ODP | DP2: SS | DQ2: TIP reality | DR2: Ostatní | DS2: max | DT2: 0 | DU2: ŽP | DV2: In. S | DW2: In. D | DX2: Hypo | DY2: Úvěr | DZ2: DPS | EA2: POV, HAV | EB2: NEM, DOM, ODP | EC2: SS | ED2: TIP reality | EE2: Ostatní | EF2: max | EG2: 0 | EH2: ŽP | EI2: In. S | EJ2: In. D | EK2: Hypo | EL2: Úvěr | EM2: DPS | EN2: POV, HAV | EO2: NEM, DOM, ODP | EP2: SS | EQ2: TIP reality | ER2: Ostatní | ES2: max | ET2: 0 | EU2: ŽP | EV2: In. S | EW2: In. D | EX2: Hypo | EY2: Úvěr | EZ2: DPS | FA2: POV, HAV | FB2: NEM, DOM, ODP | FC2: SS | FD2: TIP reality | FE2: Ostatní | FF2: max | FG2: 0
A4: Info o poradci (manželka, děti, nutný výdaje) | H4: =IF('Tabulka klientů 2023'!$R8='Hlavní stránka'!$H$1,1,0) -> 0 | I4: =IF('Tabulka klientů 2023'!$U8='Hlavní stránka'!$H$1,1,0) -> 0 | J4: =IF('Tabulka klientů 2023'!$X8='Hlavní stránka'!$H$1,1,0) -> 0 | K4: =IF('Tabulka klientů 2023'!$AA8='Hlavní stránka'!$H$1,1,0) -> 0 | L4: =IF('Tabulka klientů 2023'!$AD8='Hlavní stránka'!$H$1,1,0) -> 0 | M4: =IF('Tabulka klientů 2023'!$AG8='Hlavní stránka'!$H$1,1,0) -> 0 | N4: =IF('Tabulka klientů 2023'!$AJ8='Hlavní stránka'!$H$1,1,0) -> 0 | O4: =IF('Tabulka klientů 2023'!$AM8='Hlavní stránka'!$H$1,1,0) -> 0 | P4: =IF('Tabulka klientů 2023'!$AP8='Hlavní stránka'!$H$1,1,0) -> 0 | Q4: =IF('Tabulka klientů 2023'!$AS8='Hlavní stránka'!$H$1,1,0) -> 0 | R4: =IF('Tabulka klientů 2023'!$AV8='Hlavní stránka'!$H$1,1,0) -> 0 | S4: =MAX(H4:R4) -> 0 | T4: =T2+S4 -> 0 | U4: =IF('Tabulka klientů 2023'!$R8='Hlavní stránka'!U$1,1,0) -> 0 | V4: =IF('Tabulka klientů 2023'!$U8='Hlavní stránka'!U$1,1,0) -> 0 | W4: =IF('Tabulka klientů 2023'!$X8='Hlavní stránka'!U$1,1,0) -> 0 | X4: =IF('Tabulka klientů 2023'!$AA8='Hlavní stránka'!U$1,1,0) -> 0 | Y4: =IF('Tabulka klientů 2023'!$AD8='Hlavní stránka'!U$1,1,0) -> 0 | Z4: =IF('Tabulka klientů 2023'!$AG8='Hlavní stránka'!U$1,1,0) -> 0 | AA4: =IF('Tabulka klientů 2023'!$AJ8='Hlavní stránka'!U$1,1,0) -> 0 | AB4: =IF('Tabulka klientů 2023'!$AM8='Hlavní stránka'!U$1,1,0) -> 0 | AC4: =IF('Tabulka klientů 2023'!$AP8='Hlavní stránka'!U$1,1,0) -> 0 | AD4: =IF('Tabulka klientů 2023'!$AS8='Hlavní stránka'!U$1,1,0) -> 0 | AE4: =IF('Tabulka klientů 2023'!$AV8='Hlavní stránka'!U$1,1,0) -> 0 | AF4: =MAX(U4:AE4) -> 0 | AG4: =AG2+AF4 -> 0 | AH4: =IF('Tabulka klientů 2023'!$R8='Hlavní stránka'!AH$1,1,0) -> 0 | AI4: =IF('Tabulka klientů 2023'!$U8='Hlavní stránka'!AH$1,1,0) -> 0 | AJ4: =IF('Tabulka klientů 2023'!$X8='Hlavní stránka'!AH$1,1,0) -> 0 | AK4: =IF('Tabulka klientů 2023'!$AA8='Hlavní stránka'!AH$1,1,0) -> 0 | AL4: =IF('Tabulka klientů 2023'!$AD8='Hlavní stránka'!AH$1,1,0) -> 0 | AM4: =IF('Tabulka klientů 2023'!$AG8='Hlavní stránka'!AH$1,1,0) -> 0 | AN4: =IF('Tabulka klientů 2023'!$AJ8='Hlavní stránka'!AH$1,1,0) -> 0 | AO4: =IF('Tabulka klientů 2023'!$AM8='Hlavní stránka'!AH$1,1,0) -> 0 | AP4: =IF('Tabulka klientů 2023'!$AP8='Hlavní stránka'!AH$1,1,0) -> 0 | AQ4: =IF('Tabulka klientů 2023'!$AS8='Hlavní stránka'!AH$1,1,0) -> 0 | AR4: =IF('Tabulka klientů 2023'!$AV8='Hlavní stránka'!AH$1,1,0) -> 0 | AS4: =MAX(AH4:AR4) -> 0 | AT4: =AT2+AS4 -> 0 | AU4: =IF('Tabulka klientů 2023'!$R8='Hlavní stránka'!AU$1,1,0) -> 0 | AV4: =IF('Tabulka klientů 2023'!$U8='Hlavní stránka'!AU$1,1,0) -> 0 | AW4: =IF('Tabulka klientů 2023'!$X8='Hlavní stránka'!AU$1,1,0) -> 0 | AX4: =IF('Tabulka klientů 2023'!$AA8='Hlavní stránka'!AU$1,1,0) -> 0 | AY4: =IF('Tabulka klientů 2023'!$AD8='Hlavní stránka'!AU$1,1,0) -> 0 | AZ4: =IF('Tabulka klientů 2023'!$AG8='Hlavní stránka'!AU$1,1,0) -> 0 | BA4: =IF('Tabulka klientů 2023'!$AJ8='Hlavní stránka'!AU$1,1,0) -> 0 | BB4: =IF('Tabulka klientů 2023'!$AM8='Hlavní stránka'!AU$1,1,0) -> 0 | BC4: =IF('Tabulka klientů 2023'!$AP8='Hlavní stránka'!AU$1,1,0) -> 0 | BD4: =IF('Tabulka klientů 2023'!$AS8='Hlavní stránka'!AU$1,1,0) -> 0 | BE4: =IF('Tabulka klientů 2023'!$AV8='Hlavní stránka'!AU$1,1,0) -> 0 | BF4: =MAX(AU4:BE4) -> 0 | BG4: =BG2+BF4 -> 0 | BH4: =IF('Tabulka klientů 2023'!$R8='Hlavní stránka'!BH$1,1,0) -> 0 | BI4: =IF('Tabulka klientů 2023'!$U8='Hlavní stránka'!BH$1,1,0) -> 0 | BJ4: =IF('Tabulka klientů 2023'!$X8='Hlavní stránka'!BH$1,1,0) -> 0 | BK4: =IF('Tabulka klientů 2023'!$AA8='Hlavní stránka'!BH$1,1,0) -> 0 | BL4: =IF('Tabulka klientů 2023'!$AD8='Hlavní stránka'!BH$1,1,0) -> 0 | BM4: =IF('Tabulka klientů 2023'!$AG8='Hlavní stránka'!BH$1,1,0) -> 0 | BN4: =IF('Tabulka klientů 2023'!$AJ8='Hlavní stránka'!BH$1,1,0) -> 0 | BO4: =IF('Tabulka klientů 2023'!$AM8='Hlavní stránka'!BH$1,1,0) -> 0 | BP4: =IF('Tabulka klientů 2023'!$AP8='Hlavní stránka'!BH$1,1,0) -> 0 | BQ4: =IF('Tabulka klientů 2023'!$AS8='Hlavní stránka'!BH$1,1,0) -> 0 | BR4: =IF('Tabulka klientů 2023'!$AV8='Hlavní stránka'!BH$1,1,0) -> 0 | BS4: =MAX(BH4:BR4) -> 0 | BT4: =BT2+BS4 -> 0 | BU4: =IF('Tabulka klientů 2023'!$R8='Hlavní stránka'!BU$1,1,0) -> 0 | BV4: =IF('Tabulka klientů 2023'!$U8='Hlavní stránka'!BU$1,1,0) -> 0 | BW4: =IF('Tabulka klientů 2023'!$X8='Hlavní stránka'!BU$1,1,0) -> 0 | BX4: =IF('Tabulka klientů 2023'!$AA8='Hlavní stránka'!BU$1,1,0) -> 0 | BY4: =IF('Tabulka klientů 2023'!$AD8='Hlavní stránka'!BU$1,1,0) -> 0 | BZ4: =IF('Tabulka klientů 2023'!$AG8='Hlavní stránka'!BU$1,1,0) -> 0 | CA4: =IF('Tabulka klientů 2023'!$AJ8='Hlavní stránka'!BU$1,1,0) -> 0 | CB4: =IF('Tabulka klientů 2023'!$AM8='Hlavní stránka'!BU$1,1,0) -> 0 | CC4: =IF('Tabulka klientů 2023'!$AP8='Hlavní stránka'!BU$1,1,0) -> 0 | CD4: =IF('Tabulka klientů 2023'!$AS8='Hlavní stránka'!BU$1,1,0) -> 0 | CE4: =IF('Tabulka klientů 2023'!$AV8='Hlavní stránka'!BU$1,1,0) -> 0 | CF4: =MAX(BU4:CE4) -> 0 | CG4: =CG2+CF4 -> 0 | CH4: =IF('Tabulka klientů 2023'!$R8='Hlavní stránka'!CH$1,1,0) -> 0 | CI4: =IF('Tabulka klientů 2023'!$U8='Hlavní stránka'!CH$1,1,0) -> 0 | CJ4: =IF('Tabulka klientů 2023'!$X8='Hlavní stránka'!CH$1,1,0) -> 0 | CK4: =IF('Tabulka klientů 2023'!$AA8='Hlavní stránka'!CH$1,1,0) -> 0 | CL4: =IF('Tabulka klientů 2023'!$AD8='Hlavní stránka'!CH$1,1,0) -> 0 | CM4: =IF('Tabulka klientů 2023'!$AG8='Hlavní stránka'!CH$1,1,0) -> 0 | CN4: =IF('Tabulka klientů 2023'!$AJ8='Hlavní stránka'!CH$1,1,0) -> 0 | CO4: =IF('Tabulka klientů 2023'!$AM8='Hlavní stránka'!CH$1,1,0) -> 0 | CP4: =IF('Tabulka klientů 2023'!$AP8='Hlavní stránka'!CH$1,1,0) -> 0 | CQ4: =IF('Tabulka klientů 2023'!$AS8='Hlavní stránka'!CH$1,1,0) -> 0 | CR4: =IF('Tabulka klientů 2023'!$AV8='Hlavní stránka'!CH$1,1,0) -> 0 | CS4: =MAX(CH4:CR4) -> 0 | CT4: =CT2+CS4 -> 0 | CU4: =IF('Tabulka klientů 2023'!$R8='Hlavní stránka'!CU$1,1,0) -> 0 | CV4: =IF('Tabulka klientů 2023'!$U8='Hlavní stránka'!CU$1,1,0) -> 0 | CW4: =IF('Tabulka klientů 2023'!$X8='Hlavní stránka'!CU$1,1,0) -> 0 | CX4: =IF('Tabulka klientů 2023'!$AA8='Hlavní stránka'!CU$1,1,0) -> 0 | CY4: =IF('Tabulka klientů 2023'!$AD8='Hlavní stránka'!CU$1,1,0) -> 0 | CZ4: =IF('Tabulka klientů 2023'!$AG8='Hlavní stránka'!CU$1,1,0) -> 0 | DA4: =IF('Tabulka klientů 2023'!$AJ8='Hlavní stránka'!CU$1,1,0) -> 0 | DB4: =IF('Tabulka klientů 2023'!$AM8='Hlavní stránka'!CU$1,1,0) -> 0 | DC4: =IF('Tabulka klientů 2023'!$AP8='Hlavní stránka'!CU$1,1,0) -> 0 | DD4: =IF('Tabulka klientů 2023'!$AS8='Hlavní stránka'!CU$1,1,0) -> 0 | DE4: =IF('Tabulka klientů 2023'!$AV8='Hlavní stránka'!CU$1,1,0) -> 0 | DF4: =MAX(CU4:DE4) -> 0 | DG4: =DG2+DF4 -> 0 | DH4: =IF('Tabulka klientů 2023'!$R8='Hlavní stránka'!DH$1,1,0) -> 0 | DI4: =IF('Tabulka klientů 2023'!$U8='Hlavní stránka'!DH$1,1,0) -> 0 | DJ4: =IF('Tabulka klientů 2023'!$X8='Hlavní stránka'!DH$1,1,0) -> 0 | DK4: =IF('Tabulka klientů 2023'!$AA8='Hlavní stránka'!DH$1,1,0) -> 0 | DL4: =IF('Tabulka klientů 2023'!$AD8='Hlavní stránka'!DH$1,1,0) -> 0 | DM4: =IF('Tabulka klientů 2023'!$AG8='Hlavní stránka'!DH$1,1,0) -> 0 | DN4: =IF('Tabulka klientů 2023'!$AJ8='Hlavní stránka'!DH$1,1,0) -> 0 | DO4: =IF('Tabulka klientů 2023'!$AM8='Hlavní stránka'!DH$1,1,0) -> 0 | DP4: =IF('Tabulka klientů 2023'!$AP8='Hlavní stránka'!DH$1,1,0) -> 0 | DQ4: =IF('Tabulka klientů 2023'!$AS8='Hlavní stránka'!DH$1,1,0) -> 0 | DR4: =IF('Tabulka klientů 2023'!$AV8='Hlavní stránka'!DH$1,1,0) -> 0 | DS4: =MAX(DH4:DR4) -> 0 | DT4: =DT2+DS4 -> 0 | DU4: =IF('Tabulka klientů 2023'!$R8='Hlavní stránka'!DU$1,1,0) -> 0 | DV4: =IF('Tabulka klientů 2023'!$U8='Hlavní stránka'!DU$1,1,0) -> 0 | DW4: =IF('Tabulka klientů 2023'!$X8='Hlavní stránka'!DU$1,1,0) -> 0 | DX4: =IF('Tabulka klientů 2023'!$AA8='Hlavní stránka'!DU$1,1,0) -> 0 | DY4: =IF('Tabulka klientů 2023'!$AD8='Hlavní stránka'!DU$1,1,0) -> 0 | DZ4: =IF('Tabulka klientů 2023'!$AG8='Hlavní stránka'!DU$1,1,0) -> 0 | EA4: =IF('Tabulka klientů 2023'!$AJ8='Hlavní stránka'!DU$1,1,0) -> 0 | EB4: =IF('Tabulka klientů 2023'!$AM8='Hlavní stránka'!DU$1,1,0) -> 0 | EC4: =IF('Tabulka klientů 2023'!$AP8='Hlavní stránka'!DU$1,1,0) -> 0 | ED4: =IF('Tabulka klientů 2023'!$AS8='Hlavní stránka'!DU$1,1,0) -> 0 | EE4: =IF('Tabulka klientů 2023'!$AV8='Hlavní stránka'!DU$1,1,0) -> 0 | EF4: =MAX(DU4:EE4) -> 0 | EG4: =EG2+EF4 -> 0 | EH4: =IF('Tabulka klientů 2023'!$R8='Hlavní stránka'!EH$1,1,0) -> 0 | EI4: =IF('Tabulka klientů 2023'!$U8='Hlavní stránka'!EH$1,1,0) -> 0 | EJ4: =IF('Tabulka klientů 2023'!$X8='Hlavní stránka'!EH$1,1,0) -> 0 | EK4: =IF('Tabulka klientů 2023'!$AA8='Hlavní stránka'!EH$1,1,0) -> 0 | EL4: =IF('Tabulka klientů 2023'!$AD8='Hlavní stránka'!EH$1,1,0) -> 0 | EM4: =IF('Tabulka klientů 2023'!$AG8='Hlavní stránka'!EH$1,1,0) -> 0 | EN4: =IF('Tabulka klientů 2023'!$AJ8='Hlavní stránka'!EH$1,1,0) -> 0 | EO4: =IF('Tabulka klientů 2023'!$AM8='Hlavní stránka'!EH$1,1,0) -> 0 | EP4: =IF('Tabulka klientů 2023'!$AP8='Hlavní stránka'!EH$1,1,0) -> 0 | EQ4: =IF('Tabulka klientů 2023'!$AS8='Hlavní stránka'!EH$1,1,0) -> 0 | ER4: =IF('Tabulka klientů 2023'!$AV8='Hlavní stránka'!EH$1,1,0) -> 0 | ES4: =MAX(EH4:ER4) -> 0 | ET4: =ET2+ES4 -> 0 | EU4: =IF('Tabulka klientů 2023'!$R8='Hlavní stránka'!EU$1,1,0) -> 0 | EV4: =IF('Tabulka klientů 2023'!$U8='Hlavní stránka'!EU$1,1,0) -> 0 | EW4: =IF('Tabulka klientů 2023'!$X8='Hlavní stránka'!EU$1,1,0) -> 0 | EX4: =IF('Tabulka klientů 2023'!$AA8='Hlavní stránka'!EU$1,1,0) -> 0 | EY4: =IF('Tabulka klientů 2023'!$AD8='Hlavní stránka'!EU$1,1,0) -> 0 | EZ4: =IF('Tabulka klientů 2023'!$AG8='Hlavní stránka'!EU$1,1,0) -> 0 | FA4: =IF('Tabulka klientů 2023'!$AJ8='Hlavní stránka'!EU$1,1,0) -> 0 | FB4: =IF('Tabulka klientů 2023'!$AM8='Hlavní stránka'!EU$1,1,0) -> 0 | FC4: =IF('Tabulka klientů 2023'!$AP8='Hlavní stránka'!EU$1,1,0) -> 0 | FD4: =IF('Tabulka klientů 2023'!$AS8='Hlavní stránka'!EU$1,1,0) -> 0 | FE4: =IF('Tabulka klientů 2023'!$AV8='Hlavní stránka'!EU$1,1,0) -> 0 | FF4: =MAX(EU4:FE4) -> 0 | FG4: =FG2+FF4 -> 0
H5: =IF('Tabulka klientů 2023'!$R9='Hlavní stránka'!$H$1,1,0) -> 0 | I5: =IF('Tabulka klientů 2023'!$U9='Hlavní stránka'!$H$1,1,0) -> 0 | J5: =IF('Tabulka klientů 2023'!$X9='Hlavní stránka'!$H$1,1,0) -> 0 | K5: =IF('Tabulka klientů 2023'!$AA9='Hlavní stránka'!$H$1,1,0) -> 0 | L5: =IF('Tabulka klientů 2023'!$AD9='Hlavní stránka'!$H$1,1,0) -> 0 | M5: =IF('Tabulka klientů 2023'!$AG9='Hlavní stránka'!$H$1,1,0) -> 0 | N5: =IF('Tabulka klientů 2023'!$AJ9='Hlavní stránka'!$H$1,1,0) -> 0 | O5: =IF('Tabulka klientů 2023'!$AM9='Hlavní stránka'!$H$1,1,0) -> 0 | P5: =IF('Tabulka klientů 2023'!$AP9='Hlavní stránka'!$H$1,1,0) -> 0 | Q5: =IF('Tabulka klientů 2023'!$AS9='Hlavní stránka'!$H$1,1,0) -> 0 | R5: =IF('Tabulka klientů 2023'!$AV9='Hlavní stránka'!$H$1,1,0) -> 0 | S5: =MAX(H5:R5) -> 0 | T5: =T4+S4 -> 0 | U5: =IF('Tabulka klientů 2023'!$R9='Hlavní stránka'!U$1,1,0) -> 0 | V5: =IF('Tabulka klientů 2023'!$U9='Hlavní stránka'!U$1,1,0) -> 0 | W5: =IF('Tabulka klientů 2023'!$X9='Hlavní stránka'!U$1,1,0) -> 0 | X5: =IF('Tabulka klientů 2023'!$AA9='Hlavní stránka'!U$1,1,0) -> 0 | Y5: =IF('Tabulka klientů 2023'!$AD9='Hlavní stránka'!U$1,1,0) -> 0 | Z5: =IF('Tabulka klientů 2023'!$AG9='Hlavní stránka'!U$1,1,0) -> 0 | AA5: =IF('Tabulka klientů 2023'!$AJ9='Hlavní stránka'!U$1,1,0) -> 0 | AB5: =IF('Tabulka klientů 2023'!$AM9='Hlavní stránka'!U$1,1,0) -> 0 | AC5: =IF('Tabulka klientů 2023'!$AP9='Hlavní stránka'!U$1,1,0) -> 0 | AD5: =IF('Tabulka klientů 2023'!$AS9='Hlavní stránka'!U$1,1,0) -> 0 | AE5: =IF('Tabulka klientů 2023'!$AV9='Hlavní stránka'!U$1,1,0) -> 0 | AF5: =MAX(U5:AE5) -> 0 | AG5: =AG4+AF4 -> 0 | AH5: =IF('Tabulka klientů 2023'!$R9='Hlavní stránka'!AH$1,1,0) -> 0 | AI5: =IF('Tabulka klientů 2023'!$U9='Hlavní stránka'!AH$1,1,0) -> 0 | AJ5: =IF('Tabulka klientů 2023'!$X9='Hlavní stránka'!AH$1,1,0) -> 0 | AK5: =IF('Tabulka klientů 2023'!$AA9='Hlavní stránka'!AH$1,1,0) -> 0 | AL5: =IF('Tabulka klientů 2023'!$AD9='Hlavní stránka'!AH$1,1,0) -> 0 | AM5: =IF('Tabulka klientů 2023'!$AG9='Hlavní stránka'!AH$1,1,0) -> 0 | AN5: =IF('Tabulka klientů 2023'!$AJ9='Hlavní stránka'!AH$1,1,0) -> 0 | AO5: =IF('Tabulka klientů 2023'!$AM9='Hlavní stránka'!AH$1,1,0) -> 0 | AP5: =IF('Tabulka klientů 2023'!$AP9='Hlavní stránka'!AH$1,1,0) -> 0 | AQ5: =IF('Tabulka klientů 2023'!$AS9='Hlavní stránka'!AH$1,1,0) -> 0 | AR5: =IF('Tabulka klientů 2023'!$AV9='Hlavní stránka'!AH$1,1,0) -> 0 | AS5: =MAX(AH5:AR5) -> 0 | AT5: =AT4+AS4 -> 0 | AU5: =IF('Tabulka klientů 2023'!$R9='Hlavní stránka'!AU$1,1,0) -> 0 | AV5: =IF('Tabulka klientů 2023'!$U9='Hlavní stránka'!AU$1,1,0) -> 0 | AW5: =IF('Tabulka klientů 2023'!$X9='Hlavní stránka'!AU$1,1,0) -> 0 | AX5: =IF('Tabulka klientů 2023'!$AA9='Hlavní stránka'!AU$1,1,0) -> 0 | AY5: =IF('Tabulka klientů 2023'!$AD9='Hlavní stránka'!AU$1,1,0) -> 0 | AZ5: =IF('Tabulka klientů 2023'!$AG9='Hlavní stránka'!AU$1,1,0) -> 0 | BA5: =IF('Tabulka klientů 2023'!$AJ9='Hlavní stránka'!AU$1,1,0) -> 0 | BB5: =IF('Tabulka klientů 2023'!$AM9='Hlavní stránka'!AU$1,1,0) -> 0 | BC5: =IF('Tabulka klientů 2023'!$AP9='Hlavní stránka'!AU$1,1,0) -> 0 | BD5: =IF('Tabulka klientů 2023'!$AS9='Hlavní stránka'!AU$1,1,0) -> 0 | BE5: =IF('Tabulka klientů 2023'!$AV9='Hlavní stránka'!AU$1,1,0) -> 0 | BF5: =MAX(AU5:BE5) -> 0 | BG5: =BG4+BF4 -> 0 | BH5: =IF('Tabulka klientů 2023'!$R9='Hlavní stránka'!BH$1,1,0) -> 0 | BI5: =IF('Tabulka klientů 2023'!$U9='Hlavní stránka'!BH$1,1,0) -> 0 | BJ5: =IF('Tabulka klientů 2023'!$X9='Hlavní stránka'!BH$1,1,0) -> 0 | BK5: =IF('Tabulka klientů 2023'!$AA9='Hlavní stránka'!BH$1,1,0) -> 0 | BL5: =IF('Tabulka klientů 2023'!$AD9='Hlavní stránka'!BH$1,1,0) -> 0 | BM5: =IF('Tabulka klientů 2023'!$AG9='Hlavní stránka'!BH$1,1,0) -> 0 | BN5: =IF('Tabulka klientů 2023'!$AJ9='Hlavní stránka'!BH$1,1,0) -> 0 | BO5: =IF('Tabulka klientů 2023'!$AM9='Hlavní stránka'!BH$1,1,0) -> 0 | BP5: =IF('Tabulka klientů 2023'!$AP9='Hlavní stránka'!BH$1,1,0) -> 0 | BQ5: =IF('Tabulka klientů 2023'!$AS9='Hlavní stránka'!BH$1,1,0) -> 0 | BR5: =IF('Tabulka klientů 2023'!$AV9='Hlavní stránka'!BH$1,1,0) -> 0 | BS5: =MAX(BH5:BR5) -> 0 | BT5: =BT4+BS4 -> 0 | BU5: =IF('Tabulka klientů 2023'!$R9='Hlavní stránka'!BU$1,1,0) -> 0 | BV5: =IF('Tabulka klientů 2023'!$U9='Hlavní stránka'!BU$1,1,0) -> 0 | BW5: =IF('Tabulka klientů 2023'!$X9='Hlavní stránka'!BU$1,1,0) -> 0 | BX5: =IF('Tabulka klientů 2023'!$AA9='Hlavní stránka'!BU$1,1,0) -> 0 | BY5: =IF('Tabulka klientů 2023'!$AD9='Hlavní stránka'!BU$1,1,0) -> 0 | BZ5: =IF('Tabulka klientů 2023'!$AG9='Hlavní stránka'!BU$1,1,0) -> 0 | CA5: =IF('Tabulka klientů 2023'!$AJ9='Hlavní stránka'!BU$1,1,0) -> 0 | CB5: =IF('Tabulka klientů 2023'!$AM9='Hlavní stránka'!BU$1,1,0) -> 0 | CC5: =IF('Tabulka klientů 2023'!$AP9='Hlavní stránka'!BU$1,1,0) -> 0 | CD5: =IF('Tabulka klientů 2023'!$AS9='Hlavní stránka'!BU$1,1,0) -> 0 | CE5: =IF('Tabulka klientů 2023'!$AV9='Hlavní stránka'!BU$1,1,0) -> 0 | CF5: =MAX(BU5:CE5) -> 0 | CG5: =CG4+CF4 -> 0 | CH5: =IF('Tabulka klientů 2023'!$R9='Hlavní stránka'!CH$1,1,0) -> 0 | CI5: =IF('Tabulka klientů 2023'!$U9='Hlavní stránka'!CH$1,1,0) -> 0 | CJ5: =IF('Tabulka klientů 2023'!$X9='Hlavní stránka'!CH$1,1,0) -> 0 | CK5: =IF('Tabulka klientů 2023'!$AA9='Hlavní stránka'!CH$1,1,0) -> 0 | CL5: =IF('Tabulka klientů 2023'!$AD9='Hlavní stránka'!CH$1,1,0) -> 0 | CM5: =IF('Tabulka klientů 2023'!$AG9='Hlavní stránka'!CH$1,1,0) -> 0 | CN5: =IF('Tabulka klientů 2023'!$AJ9='Hlavní stránka'!CH$1,1,0) -> 0 | CO5: =IF('Tabulka klientů 2023'!$AM9='Hlavní stránka'!CH$1,1,0) -> 0 | CP5: =IF('Tabulka klientů 2023'!$AP9='Hlavní stránka'!CH$1,1,0) -> 0 | CQ5: =IF('Tabulka klientů 2023'!$AS9='Hlavní stránka'!CH$1,1,0) -> 0 | CR5: =IF('Tabulka klientů 2023'!$AV9='Hlavní stránka'!CH$1,1,0) -> 0 | CS5: =MAX(CH5:CR5) -> 0 | CT5: =CT4+CS4 -> 0 | CU5: =IF('Tabulka klientů 2023'!$R9='Hlavní stránka'!CU$1,1,0) -> 0 | CV5: =IF('Tabulka klientů 2023'!$U9='Hlavní stránka'!CU$1,1,0) -> 0 | CW5: =IF('Tabulka klientů 2023'!$X9='Hlavní stránka'!CU$1,1,0) -> 0 | CX5: =IF('Tabulka klientů 2023'!$AA9='Hlavní stránka'!CU$1,1,0) -> 0 | CY5: =IF('Tabulka klientů 2023'!$AD9='Hlavní stránka'!CU$1,1,0) -> 0 | CZ5: =IF('Tabulka klientů 2023'!$AG9='Hlavní stránka'!CU$1,1,0) -> 0 | DA5: =IF('Tabulka klientů 2023'!$AJ9='Hlavní stránka'!CU$1,1,0) -> 0 | DB5: =IF('Tabulka klientů 2023'!$AM9='Hlavní stránka'!CU$1,1,0) -> 0 | DC5: =IF('Tabulka klientů 2023'!$AP9='Hlavní stránka'!CU$1,1,0) -> 0 | DD5: =IF('Tabulka klientů 2023'!$AS9='Hlavní stránka'!CU$1,1,0) -> 0 | DE5: =IF('Tabulka klientů 2023'!$AV9='Hlavní stránka'!CU$1,1,0) -> 0 | DF5: =MAX(CU5:DE5) -> 0 | DG5: =DG4+DF4 -> 0 | DH5: =IF('Tabulka klientů 2023'!$R9='Hlavní stránka'!DH$1,1,0) -> 0 | DI5: =IF('Tabulka klientů 2023'!$U9='Hlavní stránka'!DH$1,1,0) -> 0 | DJ5: =IF('Tabulka klientů 2023'!$X9='Hlavní stránka'!DH$1,1,0) -> 0 | DK5: =IF('Tabulka klientů 2023'!$AA9='Hlavní stránka'!DH$1,1,0) -> 0 | DL5: =IF('Tabulka klientů 2023'!$AD9='Hlavní stránka'!DH$1,1,0) -> 0 | DM5: =IF('Tabulka klientů 2023'!$AG9='Hlavní stránka'!DH$1,1,0) -> 0 | DN5: =IF('Tabulka klientů 2023'!$AJ9='Hlavní stránka'!DH$1,1,0) -> 0 | DO5: =IF('Tabulka klientů 2023'!$AM9='Hlavní stránka'!DH$1,1,0) -> 0 | DP5: =IF('Tabulka klientů 2023'!$AP9='Hlavní stránka'!DH$1,1,0) -> 0 | DQ5: =IF('Tabulka klientů 2023'!$AS9='Hlavní stránka'!DH$1,1,0) -> 0 | DR5: =IF('Tabulka klientů 2023'!$AV9='Hlavní stránka'!DH$1,1,0) -> 0 | DS5: =MAX(DH5:DR5) -> 0 | DT5: =DT4+DS4 -> 0 | DU5: =IF('Tabulka klientů 2023'!$R9='Hlavní stránka'!DU$1,1,0) -> 0 | DV5: =IF('Tabulka klientů 2023'!$U9='Hlavní stránka'!DU$1,1,0) -> 0 | DW5: =IF('Tabulka klientů 2023'!$X9='Hlavní stránka'!DU$1,1,0) -> 0 | DX5: =IF('Tabulka klientů 2023'!$AA9='Hlavní stránka'!DU$1,1,0) -> 0 | DY5: =IF('Tabulka klientů 2023'!$AD9='Hlavní stránka'!DU$1,1,0) -> 0 | DZ5: =IF('Tabulka klientů 2023'!$AG9='Hlavní stránka'!DU$1,1,0) -> 0 | EA5: =IF('Tabulka klientů 2023'!$AJ9='Hlavní stránka'!DU$1,1,0) -> 0 | EB5: =IF('Tabulka klientů 2023'!$AM9='Hlavní stránka'!DU$1,1,0) -> 0 | EC5: =IF('Tabulka klientů 2023'!$AP9='Hlavní stránka'!DU$1,1,0) -> 0 | ED5: =IF('Tabulka klientů 2023'!$AS9='Hlavní stránka'!DU$1,1,0) -> 0 | EE5: =IF('Tabulka klientů 2023'!$AV9='Hlavní stránka'!DU$1,1,0) -> 0 | EF5: =MAX(DU5:EE5) -> 0 | EG5: =EG4+EF4 -> 0 | EH5: =IF('Tabulka klientů 2023'!$R9='Hlavní stránka'!EH$1,1,0) -> 0 | EI5: =IF('Tabulka klientů 2023'!$U9='Hlavní stránka'!EH$1,1,0) -> 0 | EJ5: =IF('Tabulka klientů 2023'!$X9='Hlavní stránka'!EH$1,1,0) -> 0 | EK5: =IF('Tabulka klientů 2023'!$AA9='Hlavní stránka'!EH$1,1,0) -> 0 | EL5: =IF('Tabulka klientů 2023'!$AD9='Hlavní stránka'!EH$1,1,0) -> 0 | EM5: =IF('Tabulka klientů 2023'!$AG9='Hlavní stránka'!EH$1,1,0) -> 0 | EN5: =IF('Tabulka klientů 2023'!$AJ9='Hlavní stránka'!EH$1,1,0) -> 0 | EO5: =IF('Tabulka klientů 2023'!$AM9='Hlavní stránka'!EH$1,1,0) -> 0 | EP5: =IF('Tabulka klientů 2023'!$AP9='Hlavní stránka'!EH$1,1,0) -> 0 | EQ5: =IF('Tabulka klientů 2023'!$AS9='Hlavní stránka'!EH$1,1,0) -> 0 | ER5: =IF('Tabulka klientů 2023'!$AV9='Hlavní stránka'!EH$1,1,0) -> 0 | ES5: =MAX(EH5:ER5) -> 0 | ET5: =ET4+ES4 -> 0 | EU5: =IF('Tabulka klientů 2023'!$R9='Hlavní stránka'!EU$1,1,0) -> 0 | EV5: =IF('Tabulka klientů 2023'!$U9='Hlavní stránka'!EU$1,1,0) -> 0 | EW5: =IF('Tabulka klientů 2023'!$X9='Hlavní stránka'!EU$1,1,0) -> 0 | EX5: =IF('Tabulka klientů 2023'!$AA9='Hlavní stránka'!EU$1,1,0) -> 0 | EY5: =IF('Tabulka klientů 2023'!$AD9='Hlavní stránka'!EU$1,1,0) -> 0 | EZ5: =IF('Tabulka klientů 2023'!$AG9='Hlavní stránka'!EU$1,1,0) -> 0 | FA5: =IF('Tabulka klientů 2023'!$AJ9='Hlavní stránka'!EU$1,1,0) -> 0 | FB5: =IF('Tabulka klientů 2023'!$AM9='Hlavní stránka'!EU$1,1,0) -> 0 | FC5: =IF('Tabulka klientů 2023'!$AP9='Hlavní stránka'!EU$1,1,0) -> 0 | FD5: =IF('Tabulka klientů 2023'!$AS9='Hlavní stránka'!EU$1,1,0) -> 0 | FE5: =IF('Tabulka klientů 2023'!$AV9='Hlavní stránka'!EU$1,1,0) -> 0 | FF5: =MAX(EU5:FE5) -> 0 | FG5: =FG4+FF4 -> 0
H6: =IF('Tabulka klientů 2023'!$R10='Hlavní stránka'!$H$1,1,0) -> 0 | I6: =IF('Tabulka klientů 2023'!$U10='Hlavní stránka'!$H$1,1,0) -> 0 | J6: =IF('Tabulka klientů 2023'!$X10='Hlavní stránka'!$H$1,1,0) -> 0 | K6: =IF('Tabulka klientů 2023'!$AA10='Hlavní stránka'!$H$1,1,0) -> 0 | L6: =IF('Tabulka klientů 2023'!$AD10='Hlavní stránka'!$H$1,1,0) -> 0 | M6: =IF('Tabulka klientů 2023'!$AG10='Hlavní stránka'!$H$1,1,0) -> 0 | N6: =IF('Tabulka klientů 2023'!$AJ10='Hlavní stránka'!$H$1,1,0) -> 0 | O6: =IF('Tabulka klientů 2023'!$AM10='Hlavní stránka'!$H$1,1,0) -> 0 | P6: =IF('Tabulka klientů 2023'!$AP10='Hlavní stránka'!$H$1,1,0) -> 0 | Q6: =IF('Tabulka klientů 2023'!$AS10='Hlavní stránka'!$H$1,1,0) -> 0 | R6: =IF('Tabulka klientů 2023'!$AV10='Hlavní stránka'!$H$1,1,0) -> 0 | S6: =MAX(H6:R6) -> 0 | T6: =T5+S5 -> 0 | U6: =IF('Tabulka klientů 2023'!$R10='Hlavní stránka'!U$1,1,0) -> 0 | V6: =IF('Tabulka klientů 2023'!$U10='Hlavní stránka'!U$1,1,0) -> 0 | W6: =IF('Tabulka klientů 2023'!$X10='Hlavní stránka'!U$1,1,0) -> 0 | X6: =IF('Tabulka klientů 2023'!$AA10='Hlavní stránka'!U$1,1,0) -> 0 | Y6: =IF('Tabulka klientů 2023'!$AD10='Hlavní stránka'!U$1,1,0) -> 0 | Z6: =IF('Tabulka klientů 2023'!$AG10='Hlavní stránka'!U$1,1,0) -> 0 | AA6: =IF('Tabulka klientů 2023'!$AJ10='Hlavní stránka'!U$1,1,0) -> 0 | AB6: =IF('Tabulka klientů 2023'!$AM10='Hlavní stránka'!U$1,1,0) -> 0 | AC6: =IF('Tabulka klientů 2023'!$AP10='Hlavní stránka'!U$1,1,0) -> 0 | AD6: =IF('Tabulka klientů 2023'!$AS10='Hlavní stránka'!U$1,1,0) -> 0 | AE6: =IF('Tabulka klientů 2023'!$AV10='Hlavní stránka'!U$1,1,0) -> 0 | AF6: =MAX(U6:AE6) -> 0 | AG6: =AG5+AF5 -> 0 | AH6: =IF('Tabulka klientů 2023'!$R10='Hlavní stránka'!AH$1,1,0) -> 0 | AI6: =IF('Tabulka klientů 2023'!$U10='Hlavní stránka'!AH$1,1,0) -> 0 | AJ6: =IF('Tabulka klientů 2023'!$X10='Hlavní stránka'!AH$1,1,0) -> 0 | AK6: =IF('Tabulka klientů 2023'!$AA10='Hlavní stránka'!AH$1,1,0) -> 0 | AL6: =IF('Tabulka klientů 2023'!$AD10='Hlavní stránka'!AH$1,1,0) -> 0 | AM6: =IF('Tabulka klientů 2023'!$AG10='Hlavní stránka'!AH$1,1,0) -> 0 | AN6: =IF('Tabulka klientů 2023'!$AJ10='Hlavní stránka'!AH$1,1,0) -> 0 | AO6: =IF('Tabulka klientů 2023'!$AM10='Hlavní stránka'!AH$1,1,0) -> 0 | AP6: =IF('Tabulka klientů 2023'!$AP10='Hlavní stránka'!AH$1,1,0) -> 0 | AQ6: =IF('Tabulka klientů 2023'!$AS10='Hlavní stránka'!AH$1,1,0) -> 0 | AR6: =IF('Tabulka klientů 2023'!$AV10='Hlavní stránka'!AH$1,1,0) -> 0 | AS6: =MAX(AH6:AR6) -> 0 | AT6: =AT5+AS5 -> 0 | AU6: =IF('Tabulka klientů 2023'!$R10='Hlavní stránka'!AU$1,1,0) -> 0 | AV6: =IF('Tabulka klientů 2023'!$U10='Hlavní stránka'!AU$1,1,0) -> 0 | AW6: =IF('Tabulka klientů 2023'!$X10='Hlavní stránka'!AU$1,1,0) -> 0 | AX6: =IF('Tabulka klientů 2023'!$AA10='Hlavní stránka'!AU$1,1,0) -> 0 | AY6: =IF('Tabulka klientů 2023'!$AD10='Hlavní stránka'!AU$1,1,0) -> 0 | AZ6: =IF('Tabulka klientů 2023'!$AG10='Hlavní stránka'!AU$1,1,0) -> 0 | BA6: =IF('Tabulka klientů 2023'!$AJ10='Hlavní stránka'!AU$1,1,0) -> 0 | BB6: =IF('Tabulka klientů 2023'!$AM10='Hlavní stránka'!AU$1,1,0) -> 0 | BC6: =IF('Tabulka klientů 2023'!$AP10='Hlavní stránka'!AU$1,1,0) -> 0 | BD6: =IF('Tabulka klientů 2023'!$AS10='Hlavní stránka'!AU$1,1,0) -> 0 | BE6: =IF('Tabulka klientů 2023'!$AV10='Hlavní stránka'!AU$1,1,0) -> 0 | BF6: =MAX(AU6:BE6) -> 0 | BG6: =BG5+BF5 -> 0 | BH6: =IF('Tabulka klientů 2023'!$R10='Hlavní stránka'!BH$1,1,0) -> 0 | BI6: =IF('Tabulka klientů 2023'!$U10='Hlavní stránka'!BH$1,1,0) -> 0 | BJ6: =IF('Tabulka klientů 2023'!$X10='Hlavní stránka'!BH$1,1,0) -> 0 | BK6: =IF('Tabulka klientů 2023'!$AA10='Hlavní stránka'!BH$1,1,0) -> 0 | BL6: =IF('Tabulka klientů 2023'!$AD10='Hlavní stránka'!BH$1,1,0) -> 0 | BM6: =IF('Tabulka klientů 2023'!$AG10='Hlavní stránka'!BH$1,1,0) -> 0 | BN6: =IF('Tabulka klientů 2023'!$AJ10='Hlavní stránka'!BH$1,1,0) -> 0 | BO6: =IF('Tabulka klientů 2023'!$AM10='Hlavní stránka'!BH$1,1,0) -> 0 | BP6: =IF('Tabulka klientů 2023'!$AP10='Hlavní stránka'!BH$1,1,0) -> 0 | BQ6: =IF('Tabulka klientů 2023'!$AS10='Hlavní stránka'!BH$1,1,0) -> 0 | BR6: =IF('Tabulka klientů 2023'!$AV10='Hlavní stránka'!BH$1,1,0) -> 0 | BS6: =MAX(BH6:BR6) -> 0 | BT6: =BT5+BS5 -> 0 | BU6: =IF('Tabulka klientů 2023'!$R10='Hlavní stránka'!BU$1,1,0) -> 0 | BV6: =IF('Tabulka klientů 2023'!$U10='Hlavní stránka'!BU$1,1,0) -> 0 | BW6: =IF('Tabulka klientů 2023'!$X10='Hlavní stránka'!BU$1,1,0) -> 0 | BX6: =IF('Tabulka klientů 2023'!$AA10='Hlavní stránka'!BU$1,1,0) -> 0 | BY6: =IF('Tabulka klientů 2023'!$AD10='Hlavní stránka'!BU$1,1,0) -> 0 | BZ6: =IF('Tabulka klientů 2023'!$AG10='Hlavní stránka'!BU$1,1,0) -> 0 | CA6: =IF('Tabulka klientů 2023'!$AJ10='Hlavní stránka'!BU$1,1,0) -> 0 | CB6: =IF('Tabulka klientů 2023'!$AM10='Hlavní stránka'!BU$1,1,0) -> 0 | CC6: =IF('Tabulka klientů 2023'!$AP10='Hlavní stránka'!BU$1,1,0) -> 0 | CD6: =IF('Tabulka klientů 2023'!$AS10='Hlavní stránka'!BU$1,1,0) -> 0 | CE6: =IF('Tabulka klientů 2023'!$AV10='Hlavní stránka'!BU$1,1,0) -> 0 | CF6: =MAX(BU6:CE6) -> 0 | CG6: =CG5+CF5 -> 0 | CH6: =IF('Tabulka klientů 2023'!$R10='Hlavní stránka'!CH$1,1,0) -> 0 | CI6: =IF('Tabulka klientů 2023'!$U10='Hlavní stránka'!CH$1,1,0) -> 0 | CJ6: =IF('Tabulka klientů 2023'!$X10='Hlavní stránka'!CH$1,1,0) -> 0 | CK6: =IF('Tabulka klientů 2023'!$AA10='Hlavní stránka'!CH$1,1,0) -> 0 | CL6: =IF('Tabulka klientů 2023'!$AD10='Hlavní stránka'!CH$1,1,0) -> 0 | CM6: =IF('Tabulka klientů 2023'!$AG10='Hlavní stránka'!CH$1,1,0) -> 0 | CN6: =IF('Tabulka klientů 2023'!$AJ10='Hlavní stránka'!CH$1,1,0) -> 0 | CO6: =IF('Tabulka klientů 2023'!$AM10='Hlavní stránka'!CH$1,1,0) -> 0 | CP6: =IF('Tabulka klientů 2023'!$AP10='Hlavní stránka'!CH$1,1,0) -> 0 | CQ6: =IF('Tabulka klientů 2023'!$AS10='Hlavní stránka'!CH$1,1,0) -> 0 | CR6: =IF('Tabulka klientů 2023'!$AV10='Hlavní stránka'!CH$1,1,0) -> 0 | CS6: =MAX(CH6:CR6) -> 0 | CT6: =CT5+CS5 -> 0 | CU6: =IF('Tabulka klientů 2023'!$R10='Hlavní stránka'!CU$1,1,0) -> 0 | CV6: =IF('Tabulka klientů 2023'!$U10='Hlavní stránka'!CU$1,1,0) -> 0 | CW6: =IF('Tabulka klientů 2023'!$X10='Hlavní stránka'!CU$1,1,0) -> 0 | CX6: =IF('Tabulka klientů 2023'!$AA10='Hlavní stránka'!CU$1,1,0) -> 0 | CY6: =IF('Tabulka klientů 2023'!$AD10='Hlavní stránka'!CU$1,1,0) -> 0 | CZ6: =IF('Tabulka klientů 2023'!$AG10='Hlavní stránka'!CU$1,1,0) -> 0 | DA6: =IF('Tabulka klientů 2023'!$AJ10='Hlavní stránka'!CU$1,1,0) -> 0 | DB6: =IF('Tabulka klientů 2023'!$AM10='Hlavní stránka'!CU$1,1,0) -> 0 | DC6: =IF('Tabulka klientů 2023'!$AP10='Hlavní stránka'!CU$1,1,0) -> 0 | DD6: =IF('Tabulka klientů 2023'!$AS10='Hlavní stránka'!CU$1,1,0) -> 0 | DE6: =IF('Tabulka klientů 2023'!$AV10='Hlavní stránka'!CU$1,1,0) -> 0 | DF6: =MAX(CU6:DE6) -> 0 | DG6: =DG5+DF5 -> 0 | DH6: =IF('Tabulka klientů 2023'!$R10='Hlavní stránka'!DH$1,1,0) -> 0 | DI6: =IF('Tabulka klientů 2023'!$U10='Hlavní stránka'!DH$1,1,0) -> 0 | DJ6: =IF('Tabulka klientů 2023'!$X10='Hlavní stránka'!DH$1,1,0) -> 0 | DK6: =IF('Tabulka klientů 2023'!$AA10='Hlavní stránka'!DH$1,1,0) -> 0 | DL6: =IF('Tabulka klientů 2023'!$AD10='Hlavní stránka'!DH$1,1,0) -> 0 | DM6: =IF('Tabulka klientů 2023'!$AG10='Hlavní stránka'!DH$1,1,0) -> 0 | DN6: =IF('Tabulka klientů 2023'!$AJ10='Hlavní stránka'!DH$1,1,0) -> 0 | DO6: =IF('Tabulka klientů 2023'!$AM10='Hlavní stránka'!DH$1,1,0) -> 0 | DP6: =IF('Tabulka klientů 2023'!$AP10='Hlavní stránka'!DH$1,1,0) -> 0 | DQ6: =IF('Tabulka klientů 2023'!$AS10='Hlavní stránka'!DH$1,1,0) -> 0 | DR6: =IF('Tabulka klientů 2023'!$AV10='Hlavní stránka'!DH$1,1,0) -> 0 | DS6: =MAX(DH6:DR6) -> 0 | DT6: =DT5+DS5 -> 0 | DU6: =IF('Tabulka klientů 2023'!$R10='Hlavní stránka'!DU$1,1,0) -> 0 | DV6: =IF('Tabulka klientů 2023'!$U10='Hlavní stránka'!DU$1,1,0) -> 0 | DW6: =IF('Tabulka klientů 2023'!$X10='Hlavní stránka'!DU$1,1,0) -> 0 | DX6: =IF('Tabulka klientů 2023'!$AA10='Hlavní stránka'!DU$1,1,0) -> 0 | DY6: =IF('Tabulka klientů 2023'!$AD10='Hlavní stránka'!DU$1,1,0) -> 0 | DZ6: =IF('Tabulka klientů 2023'!$AG10='Hlavní stránka'!DU$1,1,0) -> 0 | EA6: =IF('Tabulka klientů 2023'!$AJ10='Hlavní stránka'!DU$1,1,0) -> 0 | EB6: =IF('Tabulka klientů 2023'!$AM10='Hlavní stránka'!DU$1,1,0) -> 0 | EC6: =IF('Tabulka klientů 2023'!$AP10='Hlavní stránka'!DU$1,1,0) -> 0 | ED6: =IF('Tabulka klientů 2023'!$AS10='Hlavní stránka'!DU$1,1,0) -> 0 | EE6: =IF('Tabulka klientů 2023'!$AV10='Hlavní stránka'!DU$1,1,0) -> 0 | EF6: =MAX(DU6:EE6) -> 0 | EG6: =EG5+EF5 -> 0 | EH6: =IF('Tabulka klientů 2023'!$R10='Hlavní stránka'!EH$1,1,0) -> 0 | EI6: =IF('Tabulka klientů 2023'!$U10='Hlavní stránka'!EH$1,1,0) -> 0 | EJ6: =IF('Tabulka klientů 2023'!$X10='Hlavní stránka'!EH$1,1,0) -> 0 | EK6: =IF('Tabulka klientů 2023'!$AA10='Hlavní stránka'!EH$1,1,0) -> 0 | EL6: =IF('Tabulka klientů 2023'!$AD10='Hlavní stránka'!EH$1,1,0) -> 0 | EM6: =IF('Tabulka klientů 2023'!$AG10='Hlavní stránka'!EH$1,1,0) -> 0 | EN6: =IF('Tabulka klientů 2023'!$AJ10='Hlavní stránka'!EH$1,1,0) -> 0 | EO6: =IF('Tabulka klientů 2023'!$AM10='Hlavní stránka'!EH$1,1,0) -> 0 | EP6: =IF('Tabulka klientů 2023'!$AP10='Hlavní stránka'!EH$1,1,0) -> 0 | EQ6: =IF('Tabulka klientů 2023'!$AS10='Hlavní stránka'!EH$1,1,0) -> 0 | ER6: =IF('Tabulka klientů 2023'!$AV10='Hlavní stránka'!EH$1,1,0) -> 0 | ES6: =MAX(EH6:ER6) -> 0 | ET6: =ET5+ES5 -> 0 | EU6: =IF('Tabulka klientů 2023'!$R10='Hlavní stránka'!EU$1,1,0) -> 0 | EV6: =IF('Tabulka klientů 2023'!$U10='Hlavní stránka'!EU$1,1,0) -> 0 | EW6: =IF('Tabulka klientů 2023'!$X10='Hlavní stránka'!EU$1,1,0) -> 0 | EX6: =IF('Tabulka klientů 2023'!$AA10='Hlavní stránka'!EU$1,1,0) -> 0 | EY6: =IF('Tabulka klientů 2023'!$AD10='Hlavní stránka'!EU$1,1,0) -> 0 | EZ6: =IF('Tabulka klientů 2023'!$AG10='Hlavní stránka'!EU$1,1,0) -> 0 | FA6: =IF('Tabulka klientů 2023'!$AJ10='Hlavní stránka'!EU$1,1,0) -> 0 | FB6: =IF('Tabulka klientů 2023'!$AM10='Hlavní stránka'!EU$1,1,0) -> 0 | FC6: =IF('Tabulka klientů 2023'!$AP10='Hlavní stránka'!EU$1,1,0) -> 0 | FD6: =IF('Tabulka klientů 2023'!$AS10='Hlavní stránka'!EU$1,1,0) -> 0 | FE6: =IF('Tabulka klientů 2023'!$AV10='Hlavní stránka'!EU$1,1,0) -> 0 | FF6: =MAX(EU6:FE6) -> 0 | FG6: =FG5+FF5 -> 0
H7: =IF('Tabulka klientů 2023'!$R11='Hlavní stránka'!$H$1,1,0) -> 0 | I7: =IF('Tabulka klientů 2023'!$U11='Hlavní stránka'!$H$1,1,0) -> 0 | J7: =IF('Tabulka klientů 2023'!$X11='Hlavní stránka'!$H$1,1,0) -> 0 | K7: =IF('Tabulka klientů 2023'!$AA11='Hlavní stránka'!$H$1,1,0) -> 0 | L7: =IF('Tabulka klientů 2023'!$AD11='Hlavní stránka'!$H$1,1,0) -> 0 | M7: =IF('Tabulka klientů 2023'!$AG11='Hlavní stránka'!$H$1,1,0) -> 0 | N7: =IF('Tabulka klientů 2023'!$AJ11='Hlavní stránka'!$H$1,1,0) -> 0 | O7: =IF('Tabulka klientů 2023'!$AM11='Hlavní stránka'!$H$1,1,0) -> 0 | P7: =IF('Tabulka klientů 2023'!$AP11='Hlavní stránka'!$H$1,1,0) -> 0 | Q7: =IF('Tabulka klientů 2023'!$AS11='Hlavní stránka'!$H$1,1,0) -> 0 | R7: =IF('Tabulka klientů 2023'!$AV11='Hlavní stránka'!$H$1,1,0) -> 0 | S7: =MAX(H7:R7) -> 0 | T7: =T6+S6 -> 0 | U7: =IF('Tabulka klientů 2023'!$R11='Hlavní stránka'!U$1,1,0) -> 0 | V7: =IF('Tabulka klientů 2023'!$U11='Hlavní stránka'!U$1,1,0) -> 0 | W7: =IF('Tabulka klientů 2023'!$X11='Hlavní stránka'!U$1,1,0) -> 0 | X7: =IF('Tabulka klientů 2023'!$AA11='Hlavní stránka'!U$1,1,0) -> 0 | Y7: =IF('Tabulka klientů 2023'!$AD11='Hlavní stránka'!U$1,1,0) -> 0 | Z7: =IF('Tabulka klientů 2023'!$AG11='Hlavní stránka'!U$1,1,0) -> 0 | AA7: =IF('Tabulka klientů 2023'!$AJ11='Hlavní stránka'!U$1,1,0) -> 0 | AB7: =IF('Tabulka klientů 2023'!$AM11='Hlavní stránka'!U$1,1,0) -> 0 | AC7: =IF('Tabulka klientů 2023'!$AP11='Hlavní stránka'!U$1,1,0) -> 0 | AD7: =IF('Tabulka klientů 2023'!$AS11='Hlavní stránka'!U$1,1,0) -> 0 | AE7: =IF('Tabulka klientů 2023'!$AV11='Hlavní stránka'!U$1,1,0) -> 0 | AF7: =MAX(U7:AE7) -> 0 | AG7: =AG6+AF6 -> 0 | AH7: =IF('Tabulka klientů 2023'!$R11='Hlavní stránka'!AH$1,1,0) -> 0 | AI7: =IF('Tabulka klientů 2023'!$U11='Hlavní stránka'!AH$1,1,0) -> 0 | AJ7: =IF('Tabulka klientů 2023'!$X11='Hlavní stránka'!AH$1,1,0) -> 0 | AK7: =IF('Tabulka klientů 2023'!$AA11='Hlavní stránka'!AH$1,1,0) -> 0 | AL7: =IF('Tabulka klientů 2023'!$AD11='Hlavní stránka'!AH$1,1,0) -> 0 | AM7: =IF('Tabulka klientů 2023'!$AG11='Hlavní stránka'!AH$1,1,0) -> 0 | AN7: =IF('Tabulka klientů 2023'!$AJ11='Hlavní stránka'!AH$1,1,0) -> 0 | AO7: =IF('Tabulka klientů 2023'!$AM11='Hlavní stránka'!AH$1,1,0) -> 0 | AP7: =IF('Tabulka klientů 2023'!$AP11='Hlavní stránka'!AH$1,1,0) -> 0 | AQ7: =IF('Tabulka klientů 2023'!$AS11='Hlavní stránka'!AH$1,1,0) -> 0 | AR7: =IF('Tabulka klientů 2023'!$AV11='Hlavní stránka'!AH$1,1,0) -> 0 | AS7: =MAX(AH7:AR7) -> 0 | AT7: =AT6+AS6 -> 0 | AU7: =IF('Tabulka klientů 2023'!$R11='Hlavní stránka'!AU$1,1,0) -> 0 | AV7: =IF('Tabulka klientů 2023'!$U11='Hlavní stránka'!AU$1,1,0) -> 0 | AW7: =IF('Tabulka klientů 2023'!$X11='Hlavní stránka'!AU$1,1,0) -> 0 | AX7: =IF('Tabulka klientů 2023'!$AA11='Hlavní stránka'!AU$1,1,0) -> 0 | AY7: =IF('Tabulka klientů 2023'!$AD11='Hlavní stránka'!AU$1,1,0) -> 0 | AZ7: =IF('Tabulka klientů 2023'!$AG11='Hlavní stránka'!AU$1,1,0) -> 0 | BA7: =IF('Tabulka klientů 2023'!$AJ11='Hlavní stránka'!AU$1,1,0) -> 0 | BB7: =IF('Tabulka klientů 2023'!$AM11='Hlavní stránka'!AU$1,1,0) -> 0 | BC7: =IF('Tabulka klientů 2023'!$AP11='Hlavní stránka'!AU$1,1,0) -> 0 | BD7: =IF('Tabulka klientů 2023'!$AS11='Hlavní stránka'!AU$1,1,0) -> 0 | BE7: =IF('Tabulka klientů 2023'!$AV11='Hlavní stránka'!AU$1,1,0) -> 0 | BF7: =MAX(AU7:BE7) -> 0 | BG7: =BG6+BF6 -> 0 | BH7: =IF('Tabulka klientů 2023'!$R11='Hlavní stránka'!BH$1,1,0) -> 0 | BI7: =IF('Tabulka klientů 2023'!$U11='Hlavní stránka'!BH$1,1,0) -> 0 | BJ7: =IF('Tabulka klientů 2023'!$X11='Hlavní stránka'!BH$1,1,0) -> 0 | BK7: =IF('Tabulka klientů 2023'!$AA11='Hlavní stránka'!BH$1,1,0) -> 0 | BL7: =IF('Tabulka klientů 2023'!$AD11='Hlavní stránka'!BH$1,1,0) -> 0 | BM7: =IF('Tabulka klientů 2023'!$AG11='Hlavní stránka'!BH$1,1,0) -> 0 | BN7: =IF('Tabulka klientů 2023'!$AJ11='Hlavní stránka'!BH$1,1,0) -> 0 | BO7: =IF('Tabulka klientů 2023'!$AM11='Hlavní stránka'!BH$1,1,0) -> 0 | BP7: =IF('Tabulka klientů 2023'!$AP11='Hlavní stránka'!BH$1,1,0) -> 0 | BQ7: =IF('Tabulka klientů 2023'!$AS11='Hlavní stránka'!BH$1,1,0) -> 0 | BR7: =IF('Tabulka klientů 2023'!$AV11='Hlavní stránka'!BH$1,1,0) -> 0 | BS7: =MAX(BH7:BR7) -> 0 | BT7: =BT6+BS6 -> 0 | BU7: =IF('Tabulka klientů 2023'!$R11='Hlavní stránka'!BU$1,1,0) -> 0 | BV7: =IF('Tabulka klientů 2023'!$U11='Hlavní stránka'!BU$1,1,0) -> 0 | BW7: =IF('Tabulka klientů 2023'!$X11='Hlavní stránka'!BU$1,1,0) -> 0 | BX7: =IF('Tabulka klientů 2023'!$AA11='Hlavní stránka'!BU$1,1,0) -> 0 | BY7: =IF('Tabulka klientů 2023'!$AD11='Hlavní stránka'!BU$1,1,0) -> 0 | BZ7: =IF('Tabulka klientů 2023'!$AG11='Hlavní stránka'!BU$1,1,0) -> 0 | CA7: =IF('Tabulka klientů 2023'!$AJ11='Hlavní stránka'!BU$1,1,0) -> 0 | CB7: =IF('Tabulka klientů 2023'!$AM11='Hlavní stránka'!BU$1,1,0) -> 0 | CC7: =IF('Tabulka klientů 2023'!$AP11='Hlavní stránka'!BU$1,1,0) -> 0 | CD7: =IF('Tabulka klientů 2023'!$AS11='Hlavní stránka'!BU$1,1,0) -> 0 | CE7: =IF('Tabulka klientů 2023'!$AV11='Hlavní stránka'!BU$1,1,0) -> 0 | CF7: =MAX(BU7:CE7) -> 0 | CG7: =CG6+CF6 -> 0 | CH7: =IF('Tabulka klientů 2023'!$R11='Hlavní stránka'!CH$1,1,0) -> 0 | CI7: =IF('Tabulka klientů 2023'!$U11='Hlavní stránka'!CH$1,1,0) -> 0 | CJ7: =IF('Tabulka klientů 2023'!$X11='Hlavní stránka'!CH$1,1,0) -> 0 | CK7: =IF('Tabulka klientů 2023'!$AA11='Hlavní stránka'!CH$1,1,0) -> 0 | CL7: =IF('Tabulka klientů 2023'!$AD11='Hlavní stránka'!CH$1,1,0) -> 0 | CM7: =IF('Tabulka klientů 2023'!$AG11='Hlavní stránka'!CH$1,1,0) -> 0 | CN7: =IF('Tabulka klientů 2023'!$AJ11='Hlavní stránka'!CH$1,1,0) -> 0 | CO7: =IF('Tabulka klientů 2023'!$AM11='Hlavní stránka'!CH$1,1,0) -> 0 | CP7: =IF('Tabulka klientů 2023'!$AP11='Hlavní stránka'!CH$1,1,0) -> 0 | CQ7: =IF('Tabulka klientů 2023'!$AS11='Hlavní stránka'!CH$1,1,0) -> 0 | CR7: =IF('Tabulka klientů 2023'!$AV11='Hlavní stránka'!CH$1,1,0) -> 0 | CS7: =MAX(CH7:CR7) -> 0 | CT7: =CT6+CS6 -> 0 | CU7: =IF('Tabulka klientů 2023'!$R11='Hlavní stránka'!CU$1,1,0) -> 0 | CV7: =IF('Tabulka klientů 2023'!$U11='Hlavní stránka'!CU$1,1,0) -> 0 | CW7: =IF('Tabulka klientů 2023'!$X11='Hlavní stránka'!CU$1,1,0) -> 0 | CX7: =IF('Tabulka klientů 2023'!$AA11='Hlavní stránka'!CU$1,1,0) -> 0 | CY7: =IF('Tabulka klientů 2023'!$AD11='Hlavní stránka'!CU$1,1,0) -> 0 | CZ7: =IF('Tabulka klientů 2023'!$AG11='Hlavní stránka'!CU$1,1,0) -> 0 | DA7: =IF('Tabulka klientů 2023'!$AJ11='Hlavní stránka'!CU$1,1,0) -> 0 | DB7: =IF('Tabulka klientů 2023'!$AM11='Hlavní stránka'!CU$1,1,0) -> 0 | DC7: =IF('Tabulka klientů 2023'!$AP11='Hlavní stránka'!CU$1,1,0) -> 0 | DD7: =IF('Tabulka klientů 2023'!$AS11='Hlavní stránka'!CU$1,1,0) -> 0 | DE7: =IF('Tabulka klientů 2023'!$AV11='Hlavní stránka'!CU$1,1,0) -> 0 | DF7: =MAX(CU7:DE7) -> 0 | DG7: =DG6+DF6 -> 0 | DH7: =IF('Tabulka klientů 2023'!$R11='Hlavní stránka'!DH$1,1,0) -> 0 | DI7: =IF('Tabulka klientů 2023'!$U11='Hlavní stránka'!DH$1,1,0) -> 0 | DJ7: =IF('Tabulka klientů 2023'!$X11='Hlavní stránka'!DH$1,1,0) -> 0 | DK7: =IF('Tabulka klientů 2023'!$AA11='Hlavní stránka'!DH$1,1,0) -> 0 | DL7: =IF('Tabulka klientů 2023'!$AD11='Hlavní stránka'!DH$1,1,0) -> 0 | DM7: =IF('Tabulka klientů 2023'!$AG11='Hlavní stránka'!DH$1,1,0) -> 0 | DN7: =IF('Tabulka klientů 2023'!$AJ11='Hlavní stránka'!DH$1,1,0) -> 0 | DO7: =IF('Tabulka klientů 2023'!$AM11='Hlavní stránka'!DH$1,1,0) -> 0 | DP7: =IF('Tabulka klientů 2023'!$AP11='Hlavní stránka'!DH$1,1,0) -> 0 | DQ7: =IF('Tabulka klientů 2023'!$AS11='Hlavní stránka'!DH$1,1,0) -> 0 | DR7: =IF('Tabulka klientů 2023'!$AV11='Hlavní stránka'!DH$1,1,0) -> 0 | DS7: =MAX(DH7:DR7) -> 0 | DT7: =DT6+DS6 -> 0 | DU7: =IF('Tabulka klientů 2023'!$R11='Hlavní stránka'!DU$1,1,0) -> 0 | DV7: =IF('Tabulka klientů 2023'!$U11='Hlavní stránka'!DU$1,1,0) -> 0 | DW7: =IF('Tabulka klientů 2023'!$X11='Hlavní stránka'!DU$1,1,0) -> 0 | DX7: =IF('Tabulka klientů 2023'!$AA11='Hlavní stránka'!DU$1,1,0) -> 0 | DY7: =IF('Tabulka klientů 2023'!$AD11='Hlavní stránka'!DU$1,1,0) -> 0 | DZ7: =IF('Tabulka klientů 2023'!$AG11='Hlavní stránka'!DU$1,1,0) -> 0 | EA7: =IF('Tabulka klientů 2023'!$AJ11='Hlavní stránka'!DU$1,1,0) -> 0 | EB7: =IF('Tabulka klientů 2023'!$AM11='Hlavní stránka'!DU$1,1,0) -> 0 | EC7: =IF('Tabulka klientů 2023'!$AP11='Hlavní stránka'!DU$1,1,0) -> 0 | ED7: =IF('Tabulka klientů 2023'!$AS11='Hlavní stránka'!DU$1,1,0) -> 0 | EE7: =IF('Tabulka klientů 2023'!$AV11='Hlavní stránka'!DU$1,1,0) -> 0 | EF7: =MAX(DU7:EE7) -> 0 | EG7: =EG6+EF6 -> 0 | EH7: =IF('Tabulka klientů 2023'!$R11='Hlavní stránka'!EH$1,1,0) -> 0 | EI7: =IF('Tabulka klientů 2023'!$U11='Hlavní stránka'!EH$1,1,0) -> 0 | EJ7: =IF('Tabulka klientů 2023'!$X11='Hlavní stránka'!EH$1,1,0) -> 0 | EK7: =IF('Tabulka klientů 2023'!$AA11='Hlavní stránka'!EH$1,1,0) -> 0 | EL7: =IF('Tabulka klientů 2023'!$AD11='Hlavní stránka'!EH$1,1,0) -> 0 | EM7: =IF('Tabulka klientů 2023'!$AG11='Hlavní stránka'!EH$1,1,0) -> 0 | EN7: =IF('Tabulka klientů 2023'!$AJ11='Hlavní stránka'!EH$1,1,0) -> 0 | EO7: =IF('Tabulka klientů 2023'!$AM11='Hlavní stránka'!EH$1,1,0) -> 0 | EP7: =IF('Tabulka klientů 2023'!$AP11='Hlavní stránka'!EH$1,1,0) -> 0 | EQ7: =IF('Tabulka klientů 2023'!$AS11='Hlavní stránka'!EH$1,1,0) -> 0 | ER7: =IF('Tabulka klientů 2023'!$AV11='Hlavní stránka'!EH$1,1,0) -> 0 | ES7: =MAX(EH7:ER7) -> 0 | ET7: =ET6+ES6 -> 0 | EU7: =IF('Tabulka klientů 2023'!$R11='Hlavní stránka'!EU$1,1,0) -> 0 | EV7: =IF('Tabulka klientů 2023'!$U11='Hlavní stránka'!EU$1,1,0) -> 0 | EW7: =IF('Tabulka klientů 2023'!$X11='Hlavní stránka'!EU$1,1,0) -> 0 | EX7: =IF('Tabulka klientů 2023'!$AA11='Hlavní stránka'!EU$1,1,0) -> 0 | EY7: =IF('Tabulka klientů 2023'!$AD11='Hlavní stránka'!EU$1,1,0) -> 0 | EZ7: =IF('Tabulka klientů 2023'!$AG11='Hlavní stránka'!EU$1,1,0) -> 0 | FA7: =IF('Tabulka klientů 2023'!$AJ11='Hlavní stránka'!EU$1,1,0) -> 0 | FB7: =IF('Tabulka klientů 2023'!$AM11='Hlavní stránka'!EU$1,1,0) -> 0 | FC7: =IF('Tabulka klientů 2023'!$AP11='Hlavní stránka'!EU$1,1,0) -> 0 | FD7: =IF('Tabulka klientů 2023'!$AS11='Hlavní stránka'!EU$1,1,0) -> 0 | FE7: =IF('Tabulka klientů 2023'!$AV11='Hlavní stránka'!EU$1,1,0) -> 0 | FF7: =MAX(EU7:FE7) -> 0 | FG7: =FG6+FF6 -> 0
H8: =IF('Tabulka klientů 2023'!$R12='Hlavní stránka'!$H$1,1,0) -> 0 | I8: =IF('Tabulka klientů 2023'!$U12='Hlavní stránka'!$H$1,1,0) -> 0 | J8: =IF('Tabulka klientů 2023'!$X12='Hlavní stránka'!$H$1,1,0) -> 0 | K8: =IF('Tabulka klientů 2023'!$AA12='Hlavní stránka'!$H$1,1,0) -> 0 | L8: =IF('Tabulka klientů 2023'!$AD12='Hlavní stránka'!$H$1,1,0) -> 0 | M8: =IF('Tabulka klientů 2023'!$AG12='Hlavní stránka'!$H$1,1,0) -> 0 | N8: =IF('Tabulka klientů 2023'!$AJ12='Hlavní stránka'!$H$1,1,0) -> 0 | O8: =IF('Tabulka klientů 2023'!$AM12='Hlavní stránka'!$H$1,1,0) -> 0 | P8: =IF('Tabulka klientů 2023'!$AP12='Hlavní stránka'!$H$1,1,0) -> 0 | Q8: =IF('Tabulka klientů 2023'!$AS12='Hlavní stránka'!$H$1,1,0) -> 0 | R8: =IF('Tabulka klientů 2023'!$AV12='Hlavní stránka'!$H$1,1,0) -> 0 | S8: =MAX(H8:R8) -> 0 | T8: =T7+S7 -> 0 | U8: =IF('Tabulka klientů 2023'!$R12='Hlavní stránka'!U$1,1,0) -> 0 | V8: =IF('Tabulka klientů 2023'!$U12='Hlavní stránka'!U$1,1,0) -> 0 | W8: =IF('Tabulka klientů 2023'!$X12='Hlavní stránka'!U$1,1,0) -> 0 | X8: =IF('Tabulka klientů 2023'!$AA12='Hlavní stránka'!U$1,1,0) -> 0 | Y8: =IF('Tabulka klientů 2023'!$AD12='Hlavní stránka'!U$1,1,0) -> 0 | Z8: =IF('Tabulka klientů 2023'!$AG12='Hlavní stránka'!U$1,1,0) -> 0 | AA8: =IF('Tabulka klientů 2023'!$AJ12='Hlavní stránka'!U$1,1,0) -> 0 | AB8: =IF('Tabulka klientů 2023'!$AM12='Hlavní stránka'!U$1,1,0) -> 0 | AC8: =IF('Tabulka klientů 2023'!$AP12='Hlavní stránka'!U$1,1,0) -> 0 | AD8: =IF('Tabulka klientů 2023'!$AS12='Hlavní stránka'!U$1,1,0) -> 0 | AE8: =IF('Tabulka klientů 2023'!$AV12='Hlavní stránka'!U$1,1,0) -> 0 | AF8: =MAX(U8:AE8) -> 0 | AG8: =AG7+AF7 -> 0 | AH8: =IF('Tabulka klientů 2023'!$R12='Hlavní stránka'!AH$1,1,0) -> 0 | AI8: =IF('Tabulka klientů 2023'!$U12='Hlavní stránka'!AH$1,1,0) -> 0 | AJ8: =IF('Tabulka klientů 2023'!$X12='Hlavní stránka'!AH$1,1,0) -> 0 | AK8: =IF('Tabulka klientů 2023'!$AA12='Hlavní stránka'!AH$1,1,0) -> 0 | AL8: =IF('Tabulka klientů 2023'!$AD12='Hlavní stránka'!AH$1,1,0) -> 0 | AM8: =IF('Tabulka klientů 2023'!$AG12='Hlavní stránka'!AH$1,1,0) -> 0 | AN8: =IF('Tabulka klientů 2023'!$AJ12='Hlavní stránka'!AH$1,1,0) -> 0 | AO8: =IF('Tabulka klientů 2023'!$AM12='Hlavní stránka'!AH$1,1,0) -> 0 | AP8: =IF('Tabulka klientů 2023'!$AP12='Hlavní stránka'!AH$1,1,0) -> 0 | AQ8: =IF('Tabulka klientů 2023'!$AS12='Hlavní stránka'!AH$1,1,0) -> 0 | AR8: =IF('Tabulka klientů 2023'!$AV12='Hlavní stránka'!AH$1,1,0) -> 0 | AS8: =MAX(AH8:AR8) -> 0 | AT8: =AT7+AS7 -> 0 | AU8: =IF('Tabulka klientů 2023'!$R12='Hlavní stránka'!AU$1,1,0) -> 0 | AV8: =IF('Tabulka klientů 2023'!$U12='Hlavní stránka'!AU$1,1,0) -> 0 | AW8: =IF('Tabulka klientů 2023'!$X12='Hlavní stránka'!AU$1,1,0) -> 0 | AX8: =IF('Tabulka klientů 2023'!$AA12='Hlavní stránka'!AU$1,1,0) -> 0 | AY8: =IF('Tabulka klientů 2023'!$AD12='Hlavní stránka'!AU$1,1,0) -> 0 | AZ8: =IF('Tabulka klientů 2023'!$AG12='Hlavní stránka'!AU$1,1,0) -> 0 | BA8: =IF('Tabulka klientů 2023'!$AJ12='Hlavní stránka'!AU$1,1,0) -> 0 | BB8: =IF('Tabulka klientů 2023'!$AM12='Hlavní stránka'!AU$1,1,0) -> 0 | BC8: =IF('Tabulka klientů 2023'!$AP12='Hlavní stránka'!AU$1,1,0) -> 0 | BD8: =IF('Tabulka klientů 2023'!$AS12='Hlavní stránka'!AU$1,1,0) -> 0 | BE8: =IF('Tabulka klientů 2023'!$AV12='Hlavní stránka'!AU$1,1,0) -> 0 | BF8: =MAX(AU8:BE8) -> 0 | BG8: =BG7+BF7 -> 0 | BH8: =IF('Tabulka klientů 2023'!$R12='Hlavní stránka'!BH$1,1,0) -> 0 | BI8: =IF('Tabulka klientů 2023'!$U12='Hlavní stránka'!BH$1,1,0) -> 0 | BJ8: =IF('Tabulka klientů 2023'!$X12='Hlavní stránka'!BH$1,1,0) -> 0 | BK8: =IF('Tabulka klientů 2023'!$AA12='Hlavní stránka'!BH$1,1,0) -> 0 | BL8: =IF('Tabulka klientů 2023'!$AD12='Hlavní stránka'!BH$1,1,0) -> 0 | BM8: =IF('Tabulka klientů 2023'!$AG12='Hlavní stránka'!BH$1,1,0) -> 0 | BN8: =IF('Tabulka klientů 2023'!$AJ12='Hlavní stránka'!BH$1,1,0) -> 0 | BO8: =IF('Tabulka klientů 2023'!$AM12='Hlavní stránka'!BH$1,1,0) -> 0 | BP8: =IF('Tabulka klientů 2023'!$AP12='Hlavní stránka'!BH$1,1,0) -> 0 | BQ8: =IF('Tabulka klientů 2023'!$AS12='Hlavní stránka'!BH$1,1,0) -> 0 | BR8: =IF('Tabulka klientů 2023'!$AV12='Hlavní stránka'!BH$1,1,0) -> 0 | BS8: =MAX(BH8:BR8) -> 0 | BT8: =BT7+BS7 -> 0 | BU8: =IF('Tabulka klientů 2023'!$R12='Hlavní stránka'!BU$1,1,0) -> 0 | BV8: =IF('Tabulka klientů 2023'!$U12='Hlavní stránka'!BU$1,1,0) -> 0 | BW8: =IF('Tabulka klientů 2023'!$X12='Hlavní stránka'!BU$1,1,0) -> 0 | BX8: =IF('Tabulka klientů 2023'!$AA12='Hlavní stránka'!BU$1,1,0) -> 0 | BY8: =IF('Tabulka klientů 2023'!$AD12='Hlavní stránka'!BU$1,1,0) -> 0 | BZ8: =IF('Tabulka klientů 2023'!$AG12='Hlavní stránka'!BU$1,1,0) -> 0 | CA8: =IF('Tabulka klientů 2023'!$AJ12='Hlavní stránka'!BU$1,1,0) -> 0 | CB8: =IF('Tabulka klientů 2023'!$AM12='Hlavní stránka'!BU$1,1,0) -> 0 | CC8: =IF('Tabulka klientů 2023'!$AP12='Hlavní stránka'!BU$1,1,0) -> 0 | CD8: =IF('Tabulka klientů 2023'!$AS12='Hlavní stránka'!BU$1,1,0) -> 0 | CE8: =IF('Tabulka klientů 2023'!$AV12='Hlavní stránka'!BU$1,1,0) -> 0 | CF8: =MAX(BU8:CE8) -> 0 | CG8: =CG7+CF7 -> 0 | CH8: =IF('Tabulka klientů 2023'!$R12='Hlavní stránka'!CH$1,1,0) -> 0 | CI8: =IF('Tabulka klientů 2023'!$U12='Hlavní stránka'!CH$1,1,0) -> 0 | CJ8: =IF('Tabulka klientů 2023'!$X12='Hlavní stránka'!CH$1,1,0) -> 0 | CK8: =IF('Tabulka klientů 2023'!$AA12='Hlavní stránka'!CH$1,1,0) -> 0 | CL8: =IF('Tabulka klientů 2023'!$AD12='Hlavní stránka'!CH$1,1,0) -> 0 | CM8: =IF('Tabulka klientů 2023'!$AG12='Hlavní stránka'!CH$1,1,0) -> 0 | CN8: =IF('Tabulka klientů 2023'!$AJ12='Hlavní stránka'!CH$1,1,0) -> 0 | CO8: =IF('Tabulka klientů 2023'!$AM12='Hlavní stránka'!CH$1,1,0) -> 0 | CP8: =IF('Tabulka klientů 2023'!$AP12='Hlavní stránka'!CH$1,1,0) -> 0 | CQ8: =IF('Tabulka klientů 2023'!$AS12='Hlavní stránka'!CH$1,1,0) -> 0 | CR8: =IF('Tabulka klientů 2023'!$AV12='Hlavní stránka'!CH$1,1,0) -> 0 | CS8: =MAX(CH8:CR8) -> 0 | CT8: =CT7+CS7 -> 0 | CU8: =IF('Tabulka klientů 2023'!$R12='Hlavní stránka'!CU$1,1,0) -> 0 | CV8: =IF('Tabulka klientů 2023'!$U12='Hlavní stránka'!CU$1,1,0) -> 0 | CW8: =IF('Tabulka klientů 2023'!$X12='Hlavní stránka'!CU$1,1,0) -> 0 | CX8: =IF('Tabulka klientů 2023'!$AA12='Hlavní stránka'!CU$1,1,0) -> 0 | CY8: =IF('Tabulka klientů 2023'!$AD12='Hlavní stránka'!CU$1,1,0) -> 0 | CZ8: =IF('Tabulka klientů 2023'!$AG12='Hlavní stránka'!CU$1,1,0) -> 0 | DA8: =IF('Tabulka klientů 2023'!$AJ12='Hlavní stránka'!CU$1,1,0) -> 0 | DB8: =IF('Tabulka klientů 2023'!$AM12='Hlavní stránka'!CU$1,1,0) -> 0 | DC8: =IF('Tabulka klientů 2023'!$AP12='Hlavní stránka'!CU$1,1,0) -> 0 | DD8: =IF('Tabulka klientů 2023'!$AS12='Hlavní stránka'!CU$1,1,0) -> 0 | DE8: =IF('Tabulka klientů 2023'!$AV12='Hlavní stránka'!CU$1,1,0) -> 0 | DF8: =MAX(CU8:DE8) -> 0 | DG8: =DG7+DF7 -> 0 | DH8: =IF('Tabulka klientů 2023'!$R12='Hlavní stránka'!DH$1,1,0) -> 0 | DI8: =IF('Tabulka klientů 2023'!$U12='Hlavní stránka'!DH$1,1,0) -> 0 | DJ8: =IF('Tabulka klientů 2023'!$X12='Hlavní stránka'!DH$1,1,0) -> 0 | DK8: =IF('Tabulka klientů 2023'!$AA12='Hlavní stránka'!DH$1,1,0) -> 0 | DL8: =IF('Tabulka klientů 2023'!$AD12='Hlavní stránka'!DH$1,1,0) -> 0 | DM8: =IF('Tabulka klientů 2023'!$AG12='Hlavní stránka'!DH$1,1,0) -> 0 | DN8: =IF('Tabulka klientů 2023'!$AJ12='Hlavní stránka'!DH$1,1,0) -> 0 | DO8: =IF('Tabulka klientů 2023'!$AM12='Hlavní stránka'!DH$1,1,0) -> 0 | DP8: =IF('Tabulka klientů 2023'!$AP12='Hlavní stránka'!DH$1,1,0) -> 0 | DQ8: =IF('Tabulka klientů 2023'!$AS12='Hlavní stránka'!DH$1,1,0) -> 0 | DR8: =IF('Tabulka klientů 2023'!$AV12='Hlavní stránka'!DH$1,1,0) -> 0 | DS8: =MAX(DH8:DR8) -> 0 | DT8: =DT7+DS7 -> 0 | DU8: =IF('Tabulka klientů 2023'!$R12='Hlavní stránka'!DU$1,1,0) -> 0 | DV8: =IF('Tabulka klientů 2023'!$U12='Hlavní stránka'!DU$1,1,0) -> 0 | DW8: =IF('Tabulka klientů 2023'!$X12='Hlavní stránka'!DU$1,1,0) -> 0 | DX8: =IF('Tabulka klientů 2023'!$AA12='Hlavní stránka'!DU$1,1,0) -> 0 | DY8: =IF('Tabulka klientů 2023'!$AD12='Hlavní stránka'!DU$1,1,0) -> 0 | DZ8: =IF('Tabulka klientů 2023'!$AG12='Hlavní stránka'!DU$1,1,0) -> 0 | EA8: =IF('Tabulka klientů 2023'!$AJ12='Hlavní stránka'!DU$1,1,0) -> 0 | EB8: =IF('Tabulka klientů 2023'!$AM12='Hlavní stránka'!DU$1,1,0) -> 0 | EC8: =IF('Tabulka klientů 2023'!$AP12='Hlavní stránka'!DU$1,1,0) -> 0 | ED8: =IF('Tabulka klientů 2023'!$AS12='Hlavní stránka'!DU$1,1,0) -> 0 | EE8: =IF('Tabulka klientů 2023'!$AV12='Hlavní stránka'!DU$1,1,0) -> 0 | EF8: =MAX(DU8:EE8) -> 0 | EG8: =EG7+EF7 -> 0 | EH8: =IF('Tabulka klientů 2023'!$R12='Hlavní stránka'!EH$1,1,0) -> 0 | EI8: =IF('Tabulka klientů 2023'!$U12='Hlavní stránka'!EH$1,1,0) -> 0 | EJ8: =IF('Tabulka klientů 2023'!$X12='Hlavní stránka'!EH$1,1,0) -> 0 | EK8: =IF('Tabulka klientů 2023'!$AA12='Hlavní stránka'!EH$1,1,0) -> 0 | EL8: =IF('Tabulka klientů 2023'!$AD12='Hlavní stránka'!EH$1,1,0) -> 0 | EM8: =IF('Tabulka klientů 2023'!$AG12='Hlavní stránka'!EH$1,1,0) -> 0 | EN8: =IF('Tabulka klientů 2023'!$AJ12='Hlavní stránka'!EH$1,1,0) -> 0 | EO8: =IF('Tabulka klientů 2023'!$AM12='Hlavní stránka'!EH$1,1,0) -> 0 | EP8: =IF('Tabulka klientů 2023'!$AP12='Hlavní stránka'!EH$1,1,0) -> 0 | EQ8: =IF('Tabulka klientů 2023'!$AS12='Hlavní stránka'!EH$1,1,0) -> 0 | ER8: =IF('Tabulka klientů 2023'!$AV12='Hlavní stránka'!EH$1,1,0) -> 0 | ES8: =MAX(EH8:ER8) -> 0 | ET8: =ET7+ES7 -> 0 | EU8: =IF('Tabulka klientů 2023'!$R12='Hlavní stránka'!EU$1,1,0) -> 0 | EV8: =IF('Tabulka klientů 2023'!$U12='Hlavní stránka'!EU$1,1,0) -> 0 | EW8: =IF('Tabulka klientů 2023'!$X12='Hlavní stránka'!EU$1,1,0) -> 0 | EX8: =IF('Tabulka klientů 2023'!$AA12='Hlavní stránka'!EU$1,1,0) -> 0 | EY8: =IF('Tabulka klientů 2023'!$AD12='Hlavní stránka'!EU$1,1,0) -> 0 | EZ8: =IF('Tabulka klientů 2023'!$AG12='Hlavní stránka'!EU$1,1,0) -> 0 | FA8: =IF('Tabulka klientů 2023'!$AJ12='Hlavní stránka'!EU$1,1,0) -> 0 | FB8: =IF('Tabulka klientů 2023'!$AM12='Hlavní stránka'!EU$1,1,0) -> 0 | FC8: =IF('Tabulka klientů 2023'!$AP12='Hlavní stránka'!EU$1,1,0) -> 0 | FD8: =IF('Tabulka klientů 2023'!$AS12='Hlavní stránka'!EU$1,1,0) -> 0 | FE8: =IF('Tabulka klientů 2023'!$AV12='Hlavní stránka'!EU$1,1,0) -> 0 | FF8: =MAX(EU8:FE8) -> 0 | FG8: =FG7+FF7 -> 0
H9: =IF('Tabulka klientů 2023'!$R13='Hlavní stránka'!$H$1,1,0) -> 0 | I9: =IF('Tabulka klientů 2023'!$U13='Hlavní stránka'!$H$1,1,0) -> 0 | J9: =IF('Tabulka klientů 2023'!$X13='Hlavní stránka'!$H$1,1,0) -> 0 | K9: =IF('Tabulka klientů 2023'!$AA13='Hlavní stránka'!$H$1,1,0) -> 0 | L9: =IF('Tabulka klientů 2023'!$AD13='Hlavní stránka'!$H$1,1,0) -> 0 | M9: =IF('Tabulka klientů 2023'!$AG13='Hlavní stránka'!$H$1,1,0) -> 0 | N9: =IF('Tabulka klientů 2023'!$AJ13='Hlavní stránka'!$H$1,1,0) -> 0 | O9: =IF('Tabulka klientů 2023'!$AM13='Hlavní stránka'!$H$1,1,0) -> 0 | P9: =IF('Tabulka klientů 2023'!$AP13='Hlavní stránka'!$H$1,1,0) -> 0 | Q9: =IF('Tabulka klientů 2023'!$AS13='Hlavní stránka'!$H$1,1,0) -> 0 | R9: =IF('Tabulka klientů 2023'!$AV13='Hlavní stránka'!$H$1,1,0) -> 0 | S9: =MAX(H9:R9) -> 0 | T9: =T8+S8 -> 0 | U9: =IF('Tabulka klientů 2023'!$R13='Hlavní stránka'!U$1,1,0) -> 0 | V9: =IF('Tabulka klientů 2023'!$U13='Hlavní stránka'!U$1,1,0) -> 0 | W9: =IF('Tabulka klientů 2023'!$X13='Hlavní stránka'!U$1,1,0) -> 0 | X9: =IF('Tabulka klientů 2023'!$AA13='Hlavní stránka'!U$1,1,0) -> 0 | Y9: =IF('Tabulka klientů 2023'!$AD13='Hlavní stránka'!U$1,1,0) -> 0 | Z9: =IF('Tabulka klientů 2023'!$AG13='Hlavní stránka'!U$1,1,0) -> 0 | AA9: =IF('Tabulka klientů 2023'!$AJ13='Hlavní stránka'!U$1,1,0) -> 0 | AB9: =IF('Tabulka klientů 2023'!$AM13='Hlavní stránka'!U$1,1,0) -> 0 | AC9: =IF('Tabulka klientů 2023'!$AP13='Hlavní stránka'!U$1,1,0) -> 0 | AD9: =IF('Tabulka klientů 2023'!$AS13='Hlavní stránka'!U$1,1,0) -> 0 | AE9: =IF('Tabulka klientů 2023'!$AV13='Hlavní stránka'!U$1,1,0) -> 0 | AF9: =MAX(U9:AE9) -> 0 | AG9: =AG8+AF8 -> 0 | AH9: =IF('Tabulka klientů 2023'!$R13='Hlavní stránka'!AH$1,1,0) -> 0 | AI9: =IF('Tabulka klientů 2023'!$U13='Hlavní stránka'!AH$1,1,0) -> 0 | AJ9: =IF('Tabulka klientů 2023'!$X13='Hlavní stránka'!AH$1,1,0) -> 0 | AK9: =IF('Tabulka klientů 2023'!$AA13='Hlavní stránka'!AH$1,1,0) -> 0 | AL9: =IF('Tabulka klientů 2023'!$AD13='Hlavní stránka'!AH$1,1,0) -> 0 | AM9: =IF('Tabulka klientů 2023'!$AG13='Hlavní stránka'!AH$1,1,0) -> 0 | AN9: =IF('Tabulka klientů 2023'!$AJ13='Hlavní stránka'!AH$1,1,0) -> 0 | AO9: =IF('Tabulka klientů 2023'!$AM13='Hlavní stránka'!AH$1,1,0) -> 0 | AP9: =IF('Tabulka klientů 2023'!$AP13='Hlavní stránka'!AH$1,1,0) -> 0 | AQ9: =IF('Tabulka klientů 2023'!$AS13='Hlavní stránka'!AH$1,1,0) -> 0 | AR9: =IF('Tabulka klientů 2023'!$AV13='Hlavní stránka'!AH$1,1,0) -> 0 | AS9: =MAX(AH9:AR9) -> 0 | AT9: =AT8+AS8 -> 0 | AU9: =IF('Tabulka klientů 2023'!$R13='Hlavní stránka'!AU$1,1,0) -> 0 | AV9: =IF('Tabulka klientů 2023'!$U13='Hlavní stránka'!AU$1,1,0) -> 0 | AW9: =IF('Tabulka klientů 2023'!$X13='Hlavní stránka'!AU$1,1,0) -> 0 | AX9: =IF('Tabulka klientů 2023'!$AA13='Hlavní stránka'!AU$1,1,0) -> 0 | AY9: =IF('Tabulka klientů 2023'!$AD13='Hlavní stránka'!AU$1,1,0) -> 0 | AZ9: =IF('Tabulka klientů 2023'!$AG13='Hlavní stránka'!AU$1,1,0) -> 0 | BA9: =IF('Tabulka klientů 2023'!$AJ13='Hlavní stránka'!AU$1,1,0) -> 0 | BB9: =IF('Tabulka klientů 2023'!$AM13='Hlavní stránka'!AU$1,1,0) -> 0 | BC9: =IF('Tabulka klientů 2023'!$AP13='Hlavní stránka'!AU$1,1,0) -> 0 | BD9: =IF('Tabulka klientů 2023'!$AS13='Hlavní stránka'!AU$1,1,0) -> 0 | BE9: =IF('Tabulka klientů 2023'!$AV13='Hlavní stránka'!AU$1,1,0) -> 0 | BF9: =MAX(AU9:BE9) -> 0 | BG9: =BG8+BF8 -> 0 | BH9: =IF('Tabulka klientů 2023'!$R13='Hlavní stránka'!BH$1,1,0) -> 0 | BI9: =IF('Tabulka klientů 2023'!$U13='Hlavní stránka'!BH$1,1,0) -> 0 | BJ9: =IF('Tabulka klientů 2023'!$X13='Hlavní stránka'!BH$1,1,0) -> 0 | BK9: =IF('Tabulka klientů 2023'!$AA13='Hlavní stránka'!BH$1,1,0) -> 0 | BL9: =IF('Tabulka klientů 2023'!$AD13='Hlavní stránka'!BH$1,1,0) -> 0 | BM9: =IF('Tabulka klientů 2023'!$AG13='Hlavní stránka'!BH$1,1,0) -> 0 | BN9: =IF('Tabulka klientů 2023'!$AJ13='Hlavní stránka'!BH$1,1,0) -> 0 | BO9: =IF('Tabulka klientů 2023'!$AM13='Hlavní stránka'!BH$1,1,0) -> 0 | BP9: =IF('Tabulka klientů 2023'!$AP13='Hlavní stránka'!BH$1,1,0) -> 0 | BQ9: =IF('Tabulka klientů 2023'!$AS13='Hlavní stránka'!BH$1,1,0) -> 0 | BR9: =IF('Tabulka klientů 2023'!$AV13='Hlavní stránka'!BH$1,1,0) -> 0 | BS9: =MAX(BH9:BR9) -> 0 | BT9: =BT8+BS8 -> 0 | BU9: =IF('Tabulka klientů 2023'!$R13='Hlavní stránka'!BU$1,1,0) -> 0 | BV9: =IF('Tabulka klientů 2023'!$U13='Hlavní stránka'!BU$1,1,0) -> 0 | BW9: =IF('Tabulka klientů 2023'!$X13='Hlavní stránka'!BU$1,1,0) -> 0 | BX9: =IF('Tabulka klientů 2023'!$AA13='Hlavní stránka'!BU$1,1,0) -> 0 | BY9: =IF('Tabulka klientů 2023'!$AD13='Hlavní stránka'!BU$1,1,0) -> 0 | BZ9: =IF('Tabulka klientů 2023'!$AG13='Hlavní stránka'!BU$1,1,0) -> 0 | CA9: =IF('Tabulka klientů 2023'!$AJ13='Hlavní stránka'!BU$1,1,0) -> 0 | CB9: =IF('Tabulka klientů 2023'!$AM13='Hlavní stránka'!BU$1,1,0) -> 0 | CC9: =IF('Tabulka klientů 2023'!$AP13='Hlavní stránka'!BU$1,1,0) -> 0 | CD9: =IF('Tabulka klientů 2023'!$AS13='Hlavní stránka'!BU$1,1,0) -> 0 | CE9: =IF('Tabulka klientů 2023'!$AV13='Hlavní stránka'!BU$1,1,0) -> 0 | CF9: =MAX(BU9:CE9) -> 0 | CG9: =CG8+CF8 -> 0 | CH9: =IF('Tabulka klientů 2023'!$R13='Hlavní stránka'!CH$1,1,0) -> 0 | CI9: =IF('Tabulka klientů 2023'!$U13='Hlavní stránka'!CH$1,1,0) -> 0 | CJ9: =IF('Tabulka klientů 2023'!$X13='Hlavní stránka'!CH$1,1,0) -> 0 | CK9: =IF('Tabulka klientů 2023'!$AA13='Hlavní stránka'!CH$1,1,0) -> 0 | CL9: =IF('Tabulka klientů 2023'!$AD13='Hlavní stránka'!CH$1,1,0) -> 0 | CM9: =IF('Tabulka klientů 2023'!$AG13='Hlavní stránka'!CH$1,1,0) -> 0 | CN9: =IF('Tabulka klientů 2023'!$AJ13='Hlavní stránka'!CH$1,1,0) -> 0 | CO9: =IF('Tabulka klientů 2023'!$AM13='Hlavní stránka'!CH$1,1,0) -> 0 | CP9: =IF('Tabulka klientů 2023'!$AP13='Hlavní stránka'!CH$1,1,0) -> 0 | CQ9: =IF('Tabulka klientů 2023'!$AS13='Hlavní stránka'!CH$1,1,0) -> 0 | CR9: =IF('Tabulka klientů 2023'!$AV13='Hlavní stránka'!CH$1,1,0) -> 0 | CS9: =MAX(CH9:CR9) -> 0 | CT9: =CT8+CS8 -> 0 | CU9: =IF('Tabulka klientů 2023'!$R13='Hlavní stránka'!CU$1,1,0) -> 0 | CV9: =IF('Tabulka klientů 2023'!$U13='Hlavní stránka'!CU$1,1,0) -> 0 | CW9: =IF('Tabulka klientů 2023'!$X13='Hlavní stránka'!CU$1,1,0) -> 0 | CX9: =IF('Tabulka klientů 2023'!$AA13='Hlavní stránka'!CU$1,1,0) -> 0 | CY9: =IF('Tabulka klientů 2023'!$AD13='Hlavní stránka'!CU$1,1,0) -> 0 | CZ9: =IF('Tabulka klientů 2023'!$AG13='Hlavní stránka'!CU$1,1,0) -> 0 | DA9: =IF('Tabulka klientů 2023'!$AJ13='Hlavní stránka'!CU$1,1,0) -> 0 | DB9: =IF('Tabulka klientů 2023'!$AM13='Hlavní stránka'!CU$1,1,0) -> 0 | DC9: =IF('Tabulka klientů 2023'!$AP13='Hlavní stránka'!CU$1,1,0) -> 0 | DD9: =IF('Tabulka klientů 2023'!$AS13='Hlavní stránka'!CU$1,1,0) -> 0 | DE9: =IF('Tabulka klientů 2023'!$AV13='Hlavní stránka'!CU$1,1,0) -> 0 | DF9: =MAX(CU9:DE9) -> 0 | DG9: =DG8+DF8 -> 0 | DH9: =IF('Tabulka klientů 2023'!$R13='Hlavní stránka'!DH$1,1,0) -> 0 | DI9: =IF('Tabulka klientů 2023'!$U13='Hlavní stránka'!DH$1,1,0) -> 0 | DJ9: =IF('Tabulka klientů 2023'!$X13='Hlavní stránka'!DH$1,1,0) -> 0 | DK9: =IF('Tabulka klientů 2023'!$AA13='Hlavní stránka'!DH$1,1,0) -> 0 | DL9: =IF('Tabulka klientů 2023'!$AD13='Hlavní stránka'!DH$1,1,0) -> 0 | DM9: =IF('Tabulka klientů 2023'!$AG13='Hlavní stránka'!DH$1,1,0) -> 0 | DN9: =IF('Tabulka klientů 2023'!$AJ13='Hlavní stránka'!DH$1,1,0) -> 0 | DO9: =IF('Tabulka klientů 2023'!$AM13='Hlavní stránka'!DH$1,1,0) -> 0 | DP9: =IF('Tabulka klientů 2023'!$AP13='Hlavní stránka'!DH$1,1,0) -> 0 | DQ9: =IF('Tabulka klientů 2023'!$AS13='Hlavní stránka'!DH$1,1,0) -> 0 | DR9: =IF('Tabulka klientů 2023'!$AV13='Hlavní stránka'!DH$1,1,0) -> 0 | DS9: =MAX(DH9:DR9) -> 0 | DT9: =DT8+DS8 -> 0 | DU9: =IF('Tabulka klientů 2023'!$R13='Hlavní stránka'!DU$1,1,0) -> 0 | DV9: =IF('Tabulka klientů 2023'!$U13='Hlavní stránka'!DU$1,1,0) -> 0 | DW9: =IF('Tabulka klientů 2023'!$X13='Hlavní stránka'!DU$1,1,0) -> 0 | DX9: =IF('Tabulka klientů 2023'!$AA13='Hlavní stránka'!DU$1,1,0) -> 0 | DY9: =IF('Tabulka klientů 2023'!$AD13='Hlavní stránka'!DU$1,1,0) -> 0 | DZ9: =IF('Tabulka klientů 2023'!$AG13='Hlavní stránka'!DU$1,1,0) -> 0 | EA9: =IF('Tabulka klientů 2023'!$AJ13='Hlavní stránka'!DU$1,1,0) -> 0 | EB9: =IF('Tabulka klientů 2023'!$AM13='Hlavní stránka'!DU$1,1,0) -> 0 | EC9: =IF('Tabulka klientů 2023'!$AP13='Hlavní stránka'!DU$1,1,0) -> 0 | ED9: =IF('Tabulka klientů 2023'!$AS13='Hlavní stránka'!DU$1,1,0) -> 0 | EE9: =IF('Tabulka klientů 2023'!$AV13='Hlavní stránka'!DU$1,1,0) -> 0 | EF9: =MAX(DU9:EE9) -> 0 | EG9: =EG8+EF8 -> 0 | EH9: =IF('Tabulka klientů 2023'!$R13='Hlavní stránka'!EH$1,1,0) -> 0 | EI9: =IF('Tabulka klientů 2023'!$U13='Hlavní stránka'!EH$1,1,0) -> 0 | EJ9: =IF('Tabulka klientů 2023'!$X13='Hlavní stránka'!EH$1,1,0) -> 0 | EK9: =IF('Tabulka klientů 2023'!$AA13='Hlavní stránka'!EH$1,1,0) -> 0 | EL9: =IF('Tabulka klientů 2023'!$AD13='Hlavní stránka'!EH$1,1,0) -> 0 | EM9: =IF('Tabulka klientů 2023'!$AG13='Hlavní stránka'!EH$1,1,0) -> 0 | EN9: =IF('Tabulka klientů 2023'!$AJ13='Hlavní stránka'!EH$1,1,0) -> 0 | EO9: =IF('Tabulka klientů 2023'!$AM13='Hlavní stránka'!EH$1,1,0) -> 0 | EP9: =IF('Tabulka klientů 2023'!$AP13='Hlavní stránka'!EH$1,1,0) -> 0 | EQ9: =IF('Tabulka klientů 2023'!$AS13='Hlavní stránka'!EH$1,1,0) -> 0 | ER9: =IF('Tabulka klientů 2023'!$AV13='Hlavní stránka'!EH$1,1,0) -> 0 | ES9: =MAX(EH9:ER9) -> 0 | ET9: =ET8+ES8 -> 0 | EU9: =IF('Tabulka klientů 2023'!$R13='Hlavní stránka'!EU$1,1,0) -> 0 | EV9: =IF('Tabulka klientů 2023'!$U13='Hlavní stránka'!EU$1,1,0) -> 0 | EW9: =IF('Tabulka klientů 2023'!$X13='Hlavní stránka'!EU$1,1,0) -> 0 | EX9: =IF('Tabulka klientů 2023'!$AA13='Hlavní stránka'!EU$1,1,0) -> 0 | EY9: =IF('Tabulka klientů 2023'!$AD13='Hlavní stránka'!EU$1,1,0) -> 0 | EZ9: =IF('Tabulka klientů 2023'!$AG13='Hlavní stránka'!EU$1,1,0) -> 0 | FA9: =IF('Tabulka klientů 2023'!$AJ13='Hlavní stránka'!EU$1,1,0) -> 0 | FB9: =IF('Tabulka klientů 2023'!$AM13='Hlavní stránka'!EU$1,1,0) -> 0 | FC9: =IF('Tabulka klientů 2023'!$AP13='Hlavní stránka'!EU$1,1,0) -> 0 | FD9: =IF('Tabulka klientů 2023'!$AS13='Hlavní stránka'!EU$1,1,0) -> 0 | FE9: =IF('Tabulka klientů 2023'!$AV13='Hlavní stránka'!EU$1,1,0) -> 0 | FF9: =MAX(EU9:FE9) -> 0 | FG9: =FG8+FF8 -> 0
A10: Pozice | B10: Junior konzultant | D10: Koeficient | E10: =IF(B10=B52,C52,IF(B10=B53,C53,IF(B10=B54,C54,IF(B10=B55,C55,IF(B10=B56,C56,IF(B10=B57,C57,IF(B10=B58,C58,IF(B10=B59,C59,IF(B10=B60,C60,IF(B10=B61,C61,IF(B10=B62,C62,""))))))))))) -> 4,0 | H10: =IF('Tabulka klientů 2023'!$R14='Hlavní stránka'!$H$1,1,0) -> 0 | I10: =IF('Tabulka klientů 2023'!$U14='Hlavní stránka'!$H$1,1,0) -> 0 | J10: =IF('Tabulka klientů 2023'!$X14='Hlavní stránka'!$H$1,1,0) -> 0 | K10: =IF('Tabulka klientů 2023'!$AA14='Hlavní stránka'!$H$1,1,0) -> 0 | L10: =IF('Tabulka klientů 2023'!$AD14='Hlavní stránka'!$H$1,1,0) -> 0 | M10: =IF('Tabulka klientů 2023'!$AG14='Hlavní stránka'!$H$1,1,0) -> 0 | N10: =IF('Tabulka klientů 2023'!$AJ14='Hlavní stránka'!$H$1,1,0) -> 0 | O10: =IF('Tabulka klientů 2023'!$AM14='Hlavní stránka'!$H$1,1,0) -> 0 | P10: =IF('Tabulka klientů 2023'!$AP14='Hlavní stránka'!$H$1,1,0) -> 0 | Q10: =IF('Tabulka klientů 2023'!$AS14='Hlavní stránka'!$H$1,1,0) -> 0 | R10: =IF('Tabulka klientů 2023'!$AV14='Hlavní stránka'!$H$1,1,0) -> 0 | S10: =MAX(H10:R10) -> 0 | T10: =T9+S9 -> 0 | U10: =IF('Tabulka klientů 2023'!$R14='Hlavní stránka'!U$1,1,0) -> 0 | V10: =IF('Tabulka klientů 2023'!$U14='Hlavní stránka'!U$1,1,0) -> 0 | W10: =IF('Tabulka klientů 2023'!$X14='Hlavní stránka'!U$1,1,0) -> 0 | X10: =IF('Tabulka klientů 2023'!$AA14='Hlavní stránka'!U$1,1,0) -> 0 | Y10: =IF('Tabulka klientů 2023'!$AD14='Hlavní stránka'!U$1,1,0) -> 0 | Z10: =IF('Tabulka klientů 2023'!$AG14='Hlavní stránka'!U$1,1,0) -> 0 | AA10: =IF('Tabulka klientů 2023'!$AJ14='Hlavní stránka'!U$1,1,0) -> 0 | AB10: =IF('Tabulka klientů 2023'!$AM14='Hlavní stránka'!U$1,1,0) -> 0 | AC10: =IF('Tabulka klientů 2023'!$AP14='Hlavní stránka'!U$1,1,0) -> 0 | AD10: =IF('Tabulka klientů 2023'!$AS14='Hlavní stránka'!U$1,1,0) -> 0 | AE10: =IF('Tabulka klientů 2023'!$AV14='Hlavní stránka'!U$1,1,0) -> 0 | AF10: =MAX(U10:AE10) -> 0 | AG10: =AG9+AF9 -> 0 | AH10: =IF('Tabulka klientů 2023'!$R14='Hlavní stránka'!AH$1,1,0) -> 0 | AI10: =IF('Tabulka klientů 2023'!$U14='Hlavní stránka'!AH$1,1,0) -> 0 | AJ10: =IF('Tabulka klientů 2023'!$X14='Hlavní stránka'!AH$1,1,0) -> 0 | AK10: =IF('Tabulka klientů 2023'!$AA14='Hlavní stránka'!AH$1,1,0) -> 0 | AL10: =IF('Tabulka klientů 2023'!$AD14='Hlavní stránka'!AH$1,1,0) -> 0 | AM10: =IF('Tabulka klientů 2023'!$AG14='Hlavní stránka'!AH$1,1,0) -> 0 | AN10: =IF('Tabulka klientů 2023'!$AJ14='Hlavní stránka'!AH$1,1,0) -> 0 | AO10: =IF('Tabulka klientů 2023'!$AM14='Hlavní stránka'!AH$1,1,0) -> 0 | AP10: =IF('Tabulka klientů 2023'!$AP14='Hlavní stránka'!AH$1,1,0) -> 0 | AQ10: =IF('Tabulka klientů 2023'!$AS14='Hlavní stránka'!AH$1,1,0) -> 0 | AR10: =IF('Tabulka klientů 2023'!$AV14='Hlavní stránka'!AH$1,1,0) -> 0 | AS10: =MAX(AH10:AR10) -> 0 | AT10: =AT9+AS9 -> 0 | AU10: =IF('Tabulka klientů 2023'!$R14='Hlavní stránka'!AU$1,1,0) -> 0 | AV10: =IF('Tabulka klientů 2023'!$U14='Hlavní stránka'!AU$1,1,0) -> 0 | AW10: =IF('Tabulka klientů 2023'!$X14='Hlavní stránka'!AU$1,1,0) -> 0 | AX10: =IF('Tabulka klientů 2023'!$AA14='Hlavní stránka'!AU$1,1,0) -> 0 | AY10: =IF('Tabulka klientů 2023'!$AD14='Hlavní stránka'!AU$1,1,0) -> 0 | AZ10: =IF('Tabulka klientů 2023'!$AG14='Hlavní stránka'!AU$1,1,0) -> 0 | BA10: =IF('Tabulka klientů 2023'!$AJ14='Hlavní stránka'!AU$1,1,0) -> 0 | BB10: =IF('Tabulka klientů 2023'!$AM14='Hlavní stránka'!AU$1,1,0) -> 0 | BC10: =IF('Tabulka klientů 2023'!$AP14='Hlavní stránka'!AU$1,1,0) -> 0 | BD10: =IF('Tabulka klientů 2023'!$AS14='Hlavní stránka'!AU$1,1,0) -> 0 | BE10: =IF('Tabulka klientů 2023'!$AV14='Hlavní stránka'!AU$1,1,0) -> 0 | BF10: =MAX(AU10:BE10) -> 0 | BG10: =BG9+BF9 -> 0 | BH10: =IF('Tabulka klientů 2023'!$R14='Hlavní stránka'!BH$1,1,0) -> 0 | BI10: =IF('Tabulka klientů 2023'!$U14='Hlavní stránka'!BH$1,1,0) -> 0 | BJ10: =IF('Tabulka klientů 2023'!$X14='Hlavní stránka'!BH$1,1,0) -> 0 | BK10: =IF('Tabulka klientů 2023'!$AA14='Hlavní stránka'!BH$1,1,0) -> 0 | BL10: =IF('Tabulka klientů 2023'!$AD14='Hlavní stránka'!BH$1,1,0) -> 0 | BM10: =IF('Tabulka klientů 2023'!$AG14='Hlavní stránka'!BH$1,1,0) -> 0 | BN10: =IF('Tabulka klientů 2023'!$AJ14='Hlavní stránka'!BH$1,1,0) -> 0 | BO10: =IF('Tabulka klientů 2023'!$AM14='Hlavní stránka'!BH$1,1,0) -> 0 | BP10: =IF('Tabulka klientů 2023'!$AP14='Hlavní stránka'!BH$1,1,0) -> 0 | BQ10: =IF('Tabulka klientů 2023'!$AS14='Hlavní stránka'!BH$1,1,0) -> 0 | BR10: =IF('Tabulka klientů 2023'!$AV14='Hlavní stránka'!BH$1,1,0) -> 0 | BS10: =MAX(BH10:BR10) -> 0 | BT10: =BT9+BS9 -> 0 | BU10: =IF('Tabulka klientů 2023'!$R14='Hlavní stránka'!BU$1,1,0) -> 0 | BV10: =IF('Tabulka klientů 2023'!$U14='Hlavní stránka'!BU$1,1,0) -> 0 | BW10: =IF('Tabulka klientů 2023'!$X14='Hlavní stránka'!BU$1,1,0) -> 0 | BX10: =IF('Tabulka klientů 2023'!$AA14='Hlavní stránka'!BU$1,1,0) -> 0 | BY10: =IF('Tabulka klientů 2023'!$AD14='Hlavní stránka'!BU$1,1,0) -> 0 | BZ10: =IF('Tabulka klientů 2023'!$AG14='Hlavní stránka'!BU$1,1,0) -> 0 | CA10: =IF('Tabulka klientů 2023'!$AJ14='Hlavní stránka'!BU$1,1,0) -> 0 | CB10: =IF('Tabulka klientů 2023'!$AM14='Hlavní stránka'!BU$1,1,0) -> 0 | CC10: =IF('Tabulka klientů 2023'!$AP14='Hlavní stránka'!BU$1,1,0) -> 0 | CD10: =IF('Tabulka klientů 2023'!$AS14='Hlavní stránka'!BU$1,1,0) -> 0 | CE10: =IF('Tabulka klientů 2023'!$AV14='Hlavní stránka'!BU$1,1,0) -> 0 | CF10: =MAX(BU10:CE10) -> 0 | CG10: =CG9+CF9 -> 0 | CH10: =IF('Tabulka klientů 2023'!$R14='Hlavní stránka'!CH$1,1,0) -> 0 | CI10: =IF('Tabulka klientů 2023'!$U14='Hlavní stránka'!CH$1,1,0) -> 0 | CJ10: =IF('Tabulka klientů 2023'!$X14='Hlavní stránka'!CH$1,1,0) -> 0 | CK10: =IF('Tabulka klientů 2023'!$AA14='Hlavní stránka'!CH$1,1,0) -> 0 | CL10: =IF('Tabulka klientů 2023'!$AD14='Hlavní stránka'!CH$1,1,0) -> 0 | CM10: =IF('Tabulka klientů 2023'!$AG14='Hlavní stránka'!CH$1,1,0) -> 0 | CN10: =IF('Tabulka klientů 2023'!$AJ14='Hlavní stránka'!CH$1,1,0) -> 0 | CO10: =IF('Tabulka klientů 2023'!$AM14='Hlavní stránka'!CH$1,1,0) -> 0 | CP10: =IF('Tabulka klientů 2023'!$AP14='Hlavní stránka'!CH$1,1,0) -> 0 | CQ10: =IF('Tabulka klientů 2023'!$AS14='Hlavní stránka'!CH$1,1,0) -> 0 | CR10: =IF('Tabulka klientů 2023'!$AV14='Hlavní stránka'!CH$1,1,0) -> 0 | CS10: =MAX(CH10:CR10) -> 0 | CT10: =CT9+CS9 -> 0 | CU10: =IF('Tabulka klientů 2023'!$R14='Hlavní stránka'!CU$1,1,0) -> 0 | CV10: =IF('Tabulka klientů 2023'!$U14='Hlavní stránka'!CU$1,1,0) -> 0 | CW10: =IF('Tabulka klientů 2023'!$X14='Hlavní stránka'!CU$1,1,0) -> 0 | CX10: =IF('Tabulka klientů 2023'!$AA14='Hlavní stránka'!CU$1,1,0) -> 0 | CY10: =IF('Tabulka klientů 2023'!$AD14='Hlavní stránka'!CU$1,1,0) -> 0 | CZ10: =IF('Tabulka klientů 2023'!$AG14='Hlavní stránka'!CU$1,1,0) -> 0 | DA10: =IF('Tabulka klientů 2023'!$AJ14='Hlavní stránka'!CU$1,1,0) -> 0 | DB10: =IF('Tabulka klientů 2023'!$AM14='Hlavní stránka'!CU$1,1,0) -> 0 | DC10: =IF('Tabulka klientů 2023'!$AP14='Hlavní stránka'!CU$1,1,0) -> 0 | DD10: =IF('Tabulka klientů 2023'!$AS14='Hlavní stránka'!CU$1,1,0) -> 0 | DE10: =IF('Tabulka klientů 2023'!$AV14='Hlavní stránka'!CU$1,1,0) -> 0 | DF10: =MAX(CU10:DE10) -> 0 | DG10: =DG9+DF9 -> 0 | DH10: =IF('Tabulka klientů 2023'!$R14='Hlavní stránka'!DH$1,1,0) -> 0 | DI10: =IF('Tabulka klientů 2023'!$U14='Hlavní stránka'!DH$1,1,0) -> 0 | DJ10: =IF('Tabulka klientů 2023'!$X14='Hlavní stránka'!DH$1,1,0) -> 0 | DK10: =IF('Tabulka klientů 2023'!$AA14='Hlavní stránka'!DH$1,1,0) -> 0 | DL10: =IF('Tabulka klientů 2023'!$AD14='Hlavní stránka'!DH$1,1,0) -> 0 | DM10: =IF('Tabulka klientů 2023'!$AG14='Hlavní stránka'!DH$1,1,0) -> 0 | DN10: =IF('Tabulka klientů 2023'!$AJ14='Hlavní stránka'!DH$1,1,0) -> 0 | DO10: =IF('Tabulka klientů 2023'!$AM14='Hlavní stránka'!DH$1,1,0) -> 0 | DP10: =IF('Tabulka klientů 2023'!$AP14='Hlavní stránka'!DH$1,1,0) -> 0 | DQ10: =IF('Tabulka klientů 2023'!$AS14='Hlavní stránka'!DH$1,1,0) -> 0 | DR10: =IF('Tabulka klientů 2023'!$AV14='Hlavní stránka'!DH$1,1,0) -> 0 | DS10: =MAX(DH10:DR10) -> 0 | DT10: =DT9+DS9 -> 0 | DU10: =IF('Tabulka klientů 2023'!$R14='Hlavní stránka'!DU$1,1,0) -> 0 | DV10: =IF('Tabulka klientů 2023'!$U14='Hlavní stránka'!DU$1,1,0) -> 0 | DW10: =IF('Tabulka klientů 2023'!$X14='Hlavní stránka'!DU$1,1,0) -> 0 | DX10: =IF('Tabulka klientů 2023'!$AA14='Hlavní stránka'!DU$1,1,0) -> 0 | DY10: =IF('Tabulka klientů 2023'!$AD14='Hlavní stránka'!DU$1,1,0) -> 0 | DZ10: =IF('Tabulka klientů 2023'!$AG14='Hlavní stránka'!DU$1,1,0) -> 0 | EA10: =IF('Tabulka klientů 2023'!$AJ14='Hlavní stránka'!DU$1,1,0) -> 0 | EB10: =IF('Tabulka klientů 2023'!$AM14='Hlavní stránka'!DU$1,1,0) -> 0 | EC10: =IF('Tabulka klientů 2023'!$AP14='Hlavní stránka'!DU$1,1,0) -> 0 | ED10: =IF('Tabulka klientů 2023'!$AS14='Hlavní stránka'!DU$1,1,0) -> 0 | EE10: =IF('Tabulka klientů 2023'!$AV14='Hlavní stránka'!DU$1,1,0) -> 0 | EF10: =MAX(DU10:EE10) -> 0 | EG10: =EG9+EF9 -> 0 | EH10: =IF('Tabulka klientů 2023'!$R14='Hlavní stránka'!EH$1,1,0) -> 0 | EI10: =IF('Tabulka klientů 2023'!$U14='Hlavní stránka'!EH$1,1,0) -> 0 | EJ10: =IF('Tabulka klientů 2023'!$X14='Hlavní stránka'!EH$1,1,0) -> 0 | EK10: =IF('Tabulka klientů 2023'!$AA14='Hlavní stránka'!EH$1,1,0) -> 0 | EL10: =IF('Tabulka klientů 2023'!$AD14='Hlavní stránka'!EH$1,1,0) -> 0 | EM10: =IF('Tabulka klientů 2023'!$AG14='Hlavní stránka'!EH$1,1,0) -> 0 | EN10: =IF('Tabulka klientů 2023'!$AJ14='Hlavní stránka'!EH$1,1,0) -> 0 | EO10: =IF('Tabulka klientů 2023'!$AM14='Hlavní stránka'!EH$1,1,0) -> 0 | EP10: =IF('Tabulka klientů 2023'!$AP14='Hlavní stránka'!EH$1,1,0) -> 0 | EQ10: =IF('Tabulka klientů 2023'!$AS14='Hlavní stránka'!EH$1,1,0) -> 0 | ER10: =IF('Tabulka klientů 2023'!$AV14='Hlavní stránka'!EH$1,1,0) -> 0 | ES10: =MAX(EH10:ER10) -> 0 | ET10: =ET9+ES9 -> 0 | EU10: =IF('Tabulka klientů 2023'!$R14='Hlavní stránka'!EU$1,1,0) -> 0 | EV10: =IF('Tabulka klientů 2023'!$U14='Hlavní stránka'!EU$1,1,0) -> 0 | EW10: =IF('Tabulka klientů 2023'!$X14='Hlavní stránka'!EU$1,1,0) -> 0 | EX10: =IF('Tabulka klientů 2023'!$AA14='Hlavní stránka'!EU$1,1,0) -> 0 | EY10: =IF('Tabulka klientů 2023'!$AD14='Hlavní stránka'!EU$1,1,0) -> 0 | EZ10: =IF('Tabulka klientů 2023'!$AG14='Hlavní stránka'!EU$1,1,0) -> 0 | FA10: =IF('Tabulka klientů 2023'!$AJ14='Hlavní stránka'!EU$1,1,0) -> 0 | FB10: =IF('Tabulka klientů 2023'!$AM14='Hlavní stránka'!EU$1,1,0) -> 0 | FC10: =IF('Tabulka klientů 2023'!$AP14='Hlavní stránka'!EU$1,1,0) -> 0 | FD10: =IF('Tabulka klientů 2023'!$AS14='Hlavní stránka'!EU$1,1,0) -> 0 | FE10: =IF('Tabulka klientů 2023'!$AV14='Hlavní stránka'!EU$1,1,0) -> 0 | FF10: =MAX(EU10:FE10) -> 0 | FG10: =FG9+FF9 -> 0
H11: =IF('Tabulka klientů 2023'!$R15='Hlavní stránka'!$H$1,1,0) -> 0 | I11: =IF('Tabulka klientů 2023'!$U15='Hlavní stránka'!$H$1,1,0) -> 0 | J11: =IF('Tabulka klientů 2023'!$X15='Hlavní stránka'!$H$1,1,0) -> 0 | K11: =IF('Tabulka klientů 2023'!$AA15='Hlavní stránka'!$H$1,1,0) -> 0 | L11: =IF('Tabulka klientů 2023'!$AD15='Hlavní stránka'!$H$1,1,0) -> 0 | M11: =IF('Tabulka klientů 2023'!$AG15='Hlavní stránka'!$H$1,1,0) -> 0 | N11: =IF('Tabulka klientů 2023'!$AJ15='Hlavní stránka'!$H$1,1,0) -> 0 | O11: =IF('Tabulka klientů 2023'!$AM15='Hlavní stránka'!$H$1,1,0) -> 0 | P11: =IF('Tabulka klientů 2023'!$AP15='Hlavní stránka'!$H$1,1,0) -> 0 | Q11: =IF('Tabulka klientů 2023'!$AS15='Hlavní stránka'!$H$1,1,0) -> 0 | R11: =IF('Tabulka klientů 2023'!$AV15='Hlavní stránka'!$H$1,1,0) -> 0 | S11: =MAX(H11:R11) -> 0 | T11: =T10+S10 -> 0 | U11: =IF('Tabulka klientů 2023'!$R15='Hlavní stránka'!U$1,1,0) -> 0 | V11: =IF('Tabulka klientů 2023'!$U15='Hlavní stránka'!U$1,1,0) -> 0 | W11: =IF('Tabulka klientů 2023'!$X15='Hlavní stránka'!U$1,1,0) -> 0 | X11: =IF('Tabulka klientů 2023'!$AA15='Hlavní stránka'!U$1,1,0) -> 0 | Y11: =IF('Tabulka klientů 2023'!$AD15='Hlavní stránka'!U$1,1,0) -> 0 | Z11: =IF('Tabulka klientů 2023'!$AG15='Hlavní stránka'!U$1,1,0) -> 0 | AA11: =IF('Tabulka klientů 2023'!$AJ15='Hlavní stránka'!U$1,1,0) -> 0 | AB11: =IF('Tabulka klientů 2023'!$AM15='Hlavní stránka'!U$1,1,0) -> 0 | AC11: =IF('Tabulka klientů 2023'!$AP15='Hlavní stránka'!U$1,1,0) -> 0 | AD11: =IF('Tabulka klientů 2023'!$AS15='Hlavní stránka'!U$1,1,0) -> 0 | AE11: =IF('Tabulka klientů 2023'!$AV15='Hlavní stránka'!U$1,1,0) -> 0 | AF11: =MAX(U11:AE11) -> 0 | AG11: =AG10+AF10 -> 0 | AH11: =IF('Tabulka klientů 2023'!$R15='Hlavní stránka'!AH$1,1,0) -> 0 | AI11: =IF('Tabulka klientů 2023'!$U15='Hlavní stránka'!AH$1,1,0) -> 0 | AJ11: =IF('Tabulka klientů 2023'!$X15='Hlavní stránka'!AH$1,1,0) -> 0 | AK11: =IF('Tabulka klientů 2023'!$AA15='Hlavní stránka'!AH$1,1,0) -> 0 | AL11: =IF('Tabulka klientů 2023'!$AD15='Hlavní stránka'!AH$1,1,0) -> 0 | AM11: =IF('Tabulka klientů 2023'!$AG15='Hlavní stránka'!AH$1,1,0) -> 0 | AN11: =IF('Tabulka klientů 2023'!$AJ15='Hlavní stránka'!AH$1,1,0) -> 0 | AO11: =IF('Tabulka klientů 2023'!$AM15='Hlavní stránka'!AH$1,1,0) -> 0 | AP11: =IF('Tabulka klientů 2023'!$AP15='Hlavní stránka'!AH$1,1,0) -> 0 | AQ11: =IF('Tabulka klientů 2023'!$AS15='Hlavní stránka'!AH$1,1,0) -> 0 | AR11: =IF('Tabulka klientů 2023'!$AV15='Hlavní stránka'!AH$1,1,0) -> 0 | AS11: =MAX(AH11:AR11) -> 0 | AT11: =AT10+AS10 -> 0 | AU11: =IF('Tabulka klientů 2023'!$R15='Hlavní stránka'!AU$1,1,0) -> 0 | AV11: =IF('Tabulka klientů 2023'!$U15='Hlavní stránka'!AU$1,1,0) -> 0 | AW11: =IF('Tabulka klientů 2023'!$X15='Hlavní stránka'!AU$1,1,0) -> 0 | AX11: =IF('Tabulka klientů 2023'!$AA15='Hlavní stránka'!AU$1,1,0) -> 0 | AY11: =IF('Tabulka klientů 2023'!$AD15='Hlavní stránka'!AU$1,1,0) -> 0 | AZ11: =IF('Tabulka klientů 2023'!$AG15='Hlavní stránka'!AU$1,1,0) -> 0 | BA11: =IF('Tabulka klientů 2023'!$AJ15='Hlavní stránka'!AU$1,1,0) -> 0 | BB11: =IF('Tabulka klientů 2023'!$AM15='Hlavní stránka'!AU$1,1,0) -> 0 | BC11: =IF('Tabulka klientů 2023'!$AP15='Hlavní stránka'!AU$1,1,0) -> 0 | BD11: =IF('Tabulka klientů 2023'!$AS15='Hlavní stránka'!AU$1,1,0) -> 0 | BE11: =IF('Tabulka klientů 2023'!$AV15='Hlavní stránka'!AU$1,1,0) -> 0 | BF11: =MAX(AU11:BE11) -> 0 | BG11: =BG10+BF10 -> 0 | BH11: =IF('Tabulka klientů 2023'!$R15='Hlavní stránka'!BH$1,1,0) -> 0 | BI11: =IF('Tabulka klientů 2023'!$U15='Hlavní stránka'!BH$1,1,0) -> 0 | BJ11: =IF('Tabulka klientů 2023'!$X15='Hlavní stránka'!BH$1,1,0) -> 0 | BK11: =IF('Tabulka klientů 2023'!$AA15='Hlavní stránka'!BH$1,1,0) -> 0 | BL11: =IF('Tabulka klientů 2023'!$AD15='Hlavní stránka'!BH$1,1,0) -> 0 | BM11: =IF('Tabulka klientů 2023'!$AG15='Hlavní stránka'!BH$1,1,0) -> 0 | BN11: =IF('Tabulka klientů 2023'!$AJ15='Hlavní stránka'!BH$1,1,0) -> 0 | BO11: =IF('Tabulka klientů 2023'!$AM15='Hlavní stránka'!BH$1,1,0) -> 0 | BP11: =IF('Tabulka klientů 2023'!$AP15='Hlavní stránka'!BH$1,1,0) -> 0 | BQ11: =IF('Tabulka klientů 2023'!$AS15='Hlavní stránka'!BH$1,1,0) -> 0 | BR11: =IF('Tabulka klientů 2023'!$AV15='Hlavní stránka'!BH$1,1,0) -> 0 | BS11: =MAX(BH11:BR11) -> 0 | BT11: =BT10+BS10 -> 0 | BU11: =IF('Tabulka klientů 2023'!$R15='Hlavní stránka'!BU$1,1,0) -> 0 | BV11: =IF('Tabulka klientů 2023'!$U15='Hlavní stránka'!BU$1,1,0) -> 0 | BW11: =IF('Tabulka klientů 2023'!$X15='Hlavní stránka'!BU$1,1,0) -> 0 | BX11: =IF('Tabulka klientů 2023'!$AA15='Hlavní stránka'!BU$1,1,0) -> 0 | BY11: =IF('Tabulka klientů 2023'!$AD15='Hlavní stránka'!BU$1,1,0) -> 0 | BZ11: =IF('Tabulka klientů 2023'!$AG15='Hlavní stránka'!BU$1,1,0) -> 0 | CA11: =IF('Tabulka klientů 2023'!$AJ15='Hlavní stránka'!BU$1,1,0) -> 0 | CB11: =IF('Tabulka klientů 2023'!$AM15='Hlavní stránka'!BU$1,1,0) -> 0 | CC11: =IF('Tabulka klientů 2023'!$AP15='Hlavní stránka'!BU$1,1,0) -> 0 | CD11: =IF('Tabulka klientů 2023'!$AS15='Hlavní stránka'!BU$1,1,0) -> 0 | CE11: =IF('Tabulka klientů 2023'!$AV15='Hlavní stránka'!BU$1,1,0) -> 0 | CF11: =MAX(BU11:CE11) -> 0 | CG11: =CG10+CF10 -> 0 | CH11: =IF('Tabulka klientů 2023'!$R15='Hlavní stránka'!CH$1,1,0) -> 0 | CI11: =IF('Tabulka klientů 2023'!$U15='Hlavní stránka'!CH$1,1,0) -> 0 | CJ11: =IF('Tabulka klientů 2023'!$X15='Hlavní stránka'!CH$1,1,0) -> 0 | CK11: =IF('Tabulka klientů 2023'!$AA15='Hlavní stránka'!CH$1,1,0) -> 0 | CL11: =IF('Tabulka klientů 2023'!$AD15='Hlavní stránka'!CH$1,1,0) -> 0 | CM11: =IF('Tabulka klientů 2023'!$AG15='Hlavní stránka'!CH$1,1,0) -> 0 | CN11: =IF('Tabulka klientů 2023'!$AJ15='Hlavní stránka'!CH$1,1,0) -> 0 | CO11: =IF('Tabulka klientů 2023'!$AM15='Hlavní stránka'!CH$1,1,0) -> 0 | CP11: =IF('Tabulka klientů 2023'!$AP15='Hlavní stránka'!CH$1,1,0) -> 0 | CQ11: =IF('Tabulka klientů 2023'!$AS15='Hlavní stránka'!CH$1,1,0) -> 0 | CR11: =IF('Tabulka klientů 2023'!$AV15='Hlavní stránka'!CH$1,1,0) -> 0 | CS11: =MAX(CH11:CR11) -> 0 | CT11: =CT10+CS10 -> 0 | CU11: =IF('Tabulka klientů 2023'!$R15='Hlavní stránka'!CU$1,1,0) -> 0 | CV11: =IF('Tabulka klientů 2023'!$U15='Hlavní stránka'!CU$1,1,0) -> 0 | CW11: =IF('Tabulka klientů 2023'!$X15='Hlavní stránka'!CU$1,1,0) -> 0 | CX11: =IF('Tabulka klientů 2023'!$AA15='Hlavní stránka'!CU$1,1,0) -> 0 | CY11: =IF('Tabulka klientů 2023'!$AD15='Hlavní stránka'!CU$1,1,0) -> 0 | CZ11: =IF('Tabulka klientů 2023'!$AG15='Hlavní stránka'!CU$1,1,0) -> 0 | DA11: =IF('Tabulka klientů 2023'!$AJ15='Hlavní stránka'!CU$1,1,0) -> 0 | DB11: =IF('Tabulka klientů 2023'!$AM15='Hlavní stránka'!CU$1,1,0) -> 0 | DC11: =IF('Tabulka klientů 2023'!$AP15='Hlavní stránka'!CU$1,1,0) -> 0 | DD11: =IF('Tabulka klientů 2023'!$AS15='Hlavní stránka'!CU$1,1,0) -> 0 | DE11: =IF('Tabulka klientů 2023'!$AV15='Hlavní stránka'!CU$1,1,0) -> 0 | DF11: =MAX(CU11:DE11) -> 0 | DG11: =DG10+DF10 -> 0 | DH11: =IF('Tabulka klientů 2023'!$R15='Hlavní stránka'!DH$1,1,0) -> 0 | DI11: =IF('Tabulka klientů 2023'!$U15='Hlavní stránka'!DH$1,1,0) -> 0 | DJ11: =IF('Tabulka klientů 2023'!$X15='Hlavní stránka'!DH$1,1,0) -> 0 | DK11: =IF('Tabulka klientů 2023'!$AA15='Hlavní stránka'!DH$1,1,0) -> 0 | DL11: =IF('Tabulka klientů 2023'!$AD15='Hlavní stránka'!DH$1,1,0) -> 0 | DM11: =IF('Tabulka klientů 2023'!$AG15='Hlavní stránka'!DH$1,1,0) -> 0 | DN11: =IF('Tabulka klientů 2023'!$AJ15='Hlavní stránka'!DH$1,1,0) -> 0 | DO11: =IF('Tabulka klientů 2023'!$AM15='Hlavní stránka'!DH$1,1,0) -> 0 | DP11: =IF('Tabulka klientů 2023'!$AP15='Hlavní stránka'!DH$1,1,0) -> 0 | DQ11: =IF('Tabulka klientů 2023'!$AS15='Hlavní stránka'!DH$1,1,0) -> 0 | DR11: =IF('Tabulka klientů 2023'!$AV15='Hlavní stránka'!DH$1,1,0) -> 0 | DS11: =MAX(DH11:DR11) -> 0 | DT11: =DT10+DS10 -> 0 | DU11: =IF('Tabulka klientů 2023'!$R15='Hlavní stránka'!DU$1,1,0) -> 0 | DV11: =IF('Tabulka klientů 2023'!$U15='Hlavní stránka'!DU$1,1,0) -> 0 | DW11: =IF('Tabulka klientů 2023'!$X15='Hlavní stránka'!DU$1,1,0) -> 0 | DX11: =IF('Tabulka klientů 2023'!$AA15='Hlavní stránka'!DU$1,1,0) -> 0 | DY11: =IF('Tabulka klientů 2023'!$AD15='Hlavní stránka'!DU$1,1,0) -> 0 | DZ11: =IF('Tabulka klientů 2023'!$AG15='Hlavní stránka'!DU$1,1,0) -> 0 | EA11: =IF('Tabulka klientů 2023'!$AJ15='Hlavní stránka'!DU$1,1,0) -> 0 | EB11: =IF('Tabulka klientů 2023'!$AM15='Hlavní stránka'!DU$1,1,0) -> 0 | EC11: =IF('Tabulka klientů 2023'!$AP15='Hlavní stránka'!DU$1,1,0) -> 0 | ED11: =IF('Tabulka klientů 2023'!$AS15='Hlavní stránka'!DU$1,1,0) -> 0 | EE11: =IF('Tabulka klientů 2023'!$AV15='Hlavní stránka'!DU$1,1,0) -> 0 | EF11: =MAX(DU11:EE11) -> 0 | EG11: =EG10+EF10 -> 0 | EH11: =IF('Tabulka klientů 2023'!$R15='Hlavní stránka'!EH$1,1,0) -> 0 | EI11: =IF('Tabulka klientů 2023'!$U15='Hlavní stránka'!EH$1,1,0) -> 0 | EJ11: =IF('Tabulka klientů 2023'!$X15='Hlavní stránka'!EH$1,1,0) -> 0 | EK11: =IF('Tabulka klientů 2023'!$AA15='Hlavní stránka'!EH$1,1,0) -> 0 | EL11: =IF('Tabulka klientů 2023'!$AD15='Hlavní stránka'!EH$1,1,0) -> 0 | EM11: =IF('Tabulka klientů 2023'!$AG15='Hlavní stránka'!EH$1,1,0) -> 0 | EN11: =IF('Tabulka klientů 2023'!$AJ15='Hlavní stránka'!EH$1,1,0) -> 0 | EO11: =IF('Tabulka klientů 2023'!$AM15='Hlavní stránka'!EH$1,1,0) -> 0 | EP11: =IF('Tabulka klientů 2023'!$AP15='Hlavní stránka'!EH$1,1,0) -> 0 | EQ11: =IF('Tabulka klientů 2023'!$AS15='Hlavní stránka'!EH$1,1,0) -> 0 | ER11: =IF('Tabulka klientů 2023'!$AV15='Hlavní stránka'!EH$1,1,0) -> 0 | ES11: =MAX(EH11:ER11) -> 0 | ET11: =ET10+ES10 -> 0 | EU11: =IF('Tabulka klientů 2023'!$R15='Hlavní stránka'!EU$1,1,0) -> 0 | EV11: =IF('Tabulka klientů 2023'!$U15='Hlavní stránka'!EU$1,1,0) -> 0 | EW11: =IF('Tabulka klientů 2023'!$X15='Hlavní stránka'!EU$1,1,0) -> 0 | EX11: =IF('Tabulka klientů 2023'!$AA15='Hlavní stránka'!EU$1,1,0) -> 0 | EY11: =IF('Tabulka klientů 2023'!$AD15='Hlavní stránka'!EU$1,1,0) -> 0 | EZ11: =IF('Tabulka klientů 2023'!$AG15='Hlavní stránka'!EU$1,1,0) -> 0 | FA11: =IF('Tabulka klientů 2023'!$AJ15='Hlavní stránka'!EU$1,1,0) -> 0 | FB11: =IF('Tabulka klientů 2023'!$AM15='Hlavní stránka'!EU$1,1,0) -> 0 | FC11: =IF('Tabulka klientů 2023'!$AP15='Hlavní stránka'!EU$1,1,0) -> 0 | FD11: =IF('Tabulka klientů 2023'!$AS15='Hlavní stránka'!EU$1,1,0) -> 0 | FE11: =IF('Tabulka klientů 2023'!$AV15='Hlavní stránka'!EU$1,1,0) -> 0 | FF11: =MAX(EU11:FE11) -> 0 | FG11: =FG10+FF10 -> 0
H12: =IF('Tabulka klientů 2023'!$R16='Hlavní stránka'!$H$1,1,0) -> 0 | I12: =IF('Tabulka klientů 2023'!$U16='Hlavní stránka'!$H$1,1,0) -> 0 | J12: =IF('Tabulka klientů 2023'!$X16='Hlavní stránka'!$H$1,1,0) -> 0 | K12: =IF('Tabulka klientů 2023'!$AA16='Hlavní stránka'!$H$1,1,0) -> 0 | L12: =IF('Tabulka klientů 2023'!$AD16='Hlavní stránka'!$H$1,1,0) -> 0 | M12: =IF('Tabulka klientů 2023'!$AG16='Hlavní stránka'!$H$1,1,0) -> 0 | N12: =IF('Tabulka klientů 2023'!$AJ16='Hlavní stránka'!$H$1,1,0) -> 0 | O12: =IF('Tabulka klientů 2023'!$AM16='Hlavní stránka'!$H$1,1,0) -> 0 | P12: =IF('Tabulka klientů 2023'!$AP16='Hlavní stránka'!$H$1,1,0) -> 0 | Q12: =IF('Tabulka klientů 2023'!$AS16='Hlavní stránka'!$H$1,1,0) -> 0 | R12: =IF('Tabulka klientů 2023'!$AV16='Hlavní stránka'!$H$1,1,0) -> 0 | S12: =MAX(H12:R12) -> 0 | T12: =T11+S11 -> 0 | U12: =IF('Tabulka klientů 2023'!$R16='Hlavní stránka'!U$1,1,0) -> 0 | V12: =IF('Tabulka klientů 2023'!$U16='Hlavní stránka'!U$1,1,0) -> 0 | W12: =IF('Tabulka klientů 2023'!$X16='Hlavní stránka'!U$1,1,0) -> 0 | X12: =IF('Tabulka klientů 2023'!$AA16='Hlavní stránka'!U$1,1,0) -> 0 | Y12: =IF('Tabulka klientů 2023'!$AD16='Hlavní stránka'!U$1,1,0) -> 0 | Z12: =IF('Tabulka klientů 2023'!$AG16='Hlavní stránka'!U$1,1,0) -> 0 | AA12: =IF('Tabulka klientů 2023'!$AJ16='Hlavní stránka'!U$1,1,0) -> 0 | AB12: =IF('Tabulka klientů 2023'!$AM16='Hlavní stránka'!U$1,1,0) -> 0 | AC12: =IF('Tabulka klientů 2023'!$AP16='Hlavní stránka'!U$1,1,0) -> 0 | AD12: =IF('Tabulka klientů 2023'!$AS16='Hlavní stránka'!U$1,1,0) -> 0 | AE12: =IF('Tabulka klientů 2023'!$AV16='Hlavní stránka'!U$1,1,0) -> 0 | AF12: =MAX(U12:AE12) -> 0 | AG12: =AG11+AF11 -> 0 | AH12: =IF('Tabulka klientů 2023'!$R16='Hlavní stránka'!AH$1,1,0) -> 0 | AI12: =IF('Tabulka klientů 2023'!$U16='Hlavní stránka'!AH$1,1,0) -> 0 | AJ12: =IF('Tabulka klientů 2023'!$X16='Hlavní stránka'!AH$1,1,0) -> 0 | AK12: =IF('Tabulka klientů 2023'!$AA16='Hlavní stránka'!AH$1,1,0) -> 0 | AL12: =IF('Tabulka klientů 2023'!$AD16='Hlavní stránka'!AH$1,1,0) -> 0 | AM12: =IF('Tabulka klientů 2023'!$AG16='Hlavní stránka'!AH$1,1,0) -> 0 | AN12: =IF('Tabulka klientů 2023'!$AJ16='Hlavní stránka'!AH$1,1,0) -> 0 | AO12: =IF('Tabulka klientů 2023'!$AM16='Hlavní stránka'!AH$1,1,0) -> 0 | AP12: =IF('Tabulka klientů 2023'!$AP16='Hlavní stránka'!AH$1,1,0) -> 0 | AQ12: =IF('Tabulka klientů 2023'!$AS16='Hlavní stránka'!AH$1,1,0) -> 0 | AR12: =IF('Tabulka klientů 2023'!$AV16='Hlavní stránka'!AH$1,1,0) -> 0 | AS12: =MAX(AH12:AR12) -> 0 | AT12: =AT11+AS11 -> 0 | AU12: =IF('Tabulka klientů 2023'!$R16='Hlavní stránka'!AU$1,1,0) -> 0 | AV12: =IF('Tabulka klientů 2023'!$U16='Hlavní stránka'!AU$1,1,0) -> 0 | AW12: =IF('Tabulka klientů 2023'!$X16='Hlavní stránka'!AU$1,1,0) -> 0 | AX12: =IF('Tabulka klientů 2023'!$AA16='Hlavní stránka'!AU$1,1,0) -> 0 | AY12: =IF('Tabulka klientů 2023'!$AD16='Hlavní stránka'!AU$1,1,0) -> 0 | AZ12: =IF('Tabulka klientů 2023'!$AG16='Hlavní stránka'!AU$1,1,0) -> 0 | BA12: =IF('Tabulka klientů 2023'!$AJ16='Hlavní stránka'!AU$1,1,0) -> 0 | BB12: =IF('Tabulka klientů 2023'!$AM16='Hlavní stránka'!AU$1,1,0) -> 0 | BC12: =IF('Tabulka klientů 2023'!$AP16='Hlavní stránka'!AU$1,1,0) -> 0 | BD12: =IF('Tabulka klientů 2023'!$AS16='Hlavní stránka'!AU$1,1,0) -> 0 | BE12: =IF('Tabulka klientů 2023'!$AV16='Hlavní stránka'!AU$1,1,0) -> 0 | BF12: =MAX(AU12:BE12) -> 0 | BG12: =BG11+BF11 -> 0 | BH12: =IF('Tabulka klientů 2023'!$R16='Hlavní stránka'!BH$1,1,0) -> 0 | BI12: =IF('Tabulka klientů 2023'!$U16='Hlavní stránka'!BH$1,1,0) -> 0 | BJ12: =IF('Tabulka klientů 2023'!$X16='Hlavní stránka'!BH$1,1,0) -> 0 | BK12: =IF('Tabulka klientů 2023'!$AA16='Hlavní stránka'!BH$1,1,0) -> 0 | BL12: =IF('Tabulka klientů 2023'!$AD16='Hlavní stránka'!BH$1,1,0) -> 0 | BM12: =IF('Tabulka klientů 2023'!$AG16='Hlavní stránka'!BH$1,1,0) -> 0 | BN12: =IF('Tabulka klientů 2023'!$AJ16='Hlavní stránka'!BH$1,1,0) -> 0 | BO12: =IF('Tabulka klientů 2023'!$AM16='Hlavní stránka'!BH$1,1,0) -> 0 | BP12: =IF('Tabulka klientů 2023'!$AP16='Hlavní stránka'!BH$1,1,0) -> 0 | BQ12: =IF('Tabulka klientů 2023'!$AS16='Hlavní stránka'!BH$1,1,0) -> 0 | BR12: =IF('Tabulka klientů 2023'!$AV16='Hlavní stránka'!BH$1,1,0) -> 0 | BS12: =MAX(BH12:BR12) -> 0 | BT12: =BT11+BS11 -> 0 | BU12: =IF('Tabulka klientů 2023'!$R16='Hlavní stránka'!BU$1,1,0) -> 0 | BV12: =IF('Tabulka klientů 2023'!$U16='Hlavní stránka'!BU$1,1,0) -> 0 | BW12: =IF('Tabulka klientů 2023'!$X16='Hlavní stránka'!BU$1,1,0) -> 0 | BX12: =IF('Tabulka klientů 2023'!$AA16='Hlavní stránka'!BU$1,1,0) -> 0 | BY12: =IF('Tabulka klientů 2023'!$AD16='Hlavní stránka'!BU$1,1,0) -> 0 | BZ12: =IF('Tabulka klientů 2023'!$AG16='Hlavní stránka'!BU$1,1,0) -> 0 | CA12: =IF('Tabulka klientů 2023'!$AJ16='Hlavní stránka'!BU$1,1,0) -> 0 | CB12: =IF('Tabulka klientů 2023'!$AM16='Hlavní stránka'!BU$1,1,0) -> 0 | CC12: =IF('Tabulka klientů 2023'!$AP16='Hlavní stránka'!BU$1,1,0) -> 0 | CD12: =IF('Tabulka klientů 2023'!$AS16='Hlavní stránka'!BU$1,1,0) -> 0 | CE12: =IF('Tabulka klientů 2023'!$AV16='Hlavní stránka'!BU$1,1,0) -> 0 | CF12: =MAX(BU12:CE12) -> 0 | CG12: =CG11+CF11 -> 0 | CH12: =IF('Tabulka klientů 2023'!$R16='Hlavní stránka'!CH$1,1,0) -> 0 | CI12: =IF('Tabulka klientů 2023'!$U16='Hlavní stránka'!CH$1,1,0) -> 0 | CJ12: =IF('Tabulka klientů 2023'!$X16='Hlavní stránka'!CH$1,1,0) -> 0 | CK12: =IF('Tabulka klientů 2023'!$AA16='Hlavní stránka'!CH$1,1,0) -> 0 | CL12: =IF('Tabulka klientů 2023'!$AD16='Hlavní stránka'!CH$1,1,0) -> 0 | CM12: =IF('Tabulka klientů 2023'!$AG16='Hlavní stránka'!CH$1,1,0) -> 0 | CN12: =IF('Tabulka klientů 2023'!$AJ16='Hlavní stránka'!CH$1,1,0) -> 0 | CO12: =IF('Tabulka klientů 2023'!$AM16='Hlavní stránka'!CH$1,1,0) -> 0 | CP12: =IF('Tabulka klientů 2023'!$AP16='Hlavní stránka'!CH$1,1,0) -> 0 | CQ12: =IF('Tabulka klientů 2023'!$AS16='Hlavní stránka'!CH$1,1,0) -> 0 | CR12: =IF('Tabulka klientů 2023'!$AV16='Hlavní stránka'!CH$1,1,0) -> 0 | CS12: =MAX(CH12:CR12) -> 0 | CT12: =CT11+CS11 -> 0 | CU12: =IF('Tabulka klientů 2023'!$R16='Hlavní stránka'!CU$1,1,0) -> 0 | CV12: =IF('Tabulka klientů 2023'!$U16='Hlavní stránka'!CU$1,1,0) -> 0 | CW12: =IF('Tabulka klientů 2023'!$X16='Hlavní stránka'!CU$1,1,0) -> 0 | CX12: =IF('Tabulka klientů 2023'!$AA16='Hlavní stránka'!CU$1,1,0) -> 0 | CY12: =IF('Tabulka klientů 2023'!$AD16='Hlavní stránka'!CU$1,1,0) -> 0 | CZ12: =IF('Tabulka klientů 2023'!$AG16='Hlavní stránka'!CU$1,1,0) -> 0 | DA12: =IF('Tabulka klientů 2023'!$AJ16='Hlavní stránka'!CU$1,1,0) -> 0 | DB12: =IF('Tabulka klientů 2023'!$AM16='Hlavní stránka'!CU$1,1,0) -> 0 | DC12: =IF('Tabulka klientů 2023'!$AP16='Hlavní stránka'!CU$1,1,0) -> 0 | DD12: =IF('Tabulka klientů 2023'!$AS16='Hlavní stránka'!CU$1,1,0) -> 0 | DE12: =IF('Tabulka klientů 2023'!$AV16='Hlavní stránka'!CU$1,1,0) -> 0 | DF12: =MAX(CU12:DE12) -> 0 | DG12: =DG11+DF11 -> 0 | DH12: =IF('Tabulka klientů 2023'!$R16='Hlavní stránka'!DH$1,1,0) -> 0 | DI12: =IF('Tabulka klientů 2023'!$U16='Hlavní stránka'!DH$1,1,0) -> 0 | DJ12: =IF('Tabulka klientů 2023'!$X16='Hlavní stránka'!DH$1,1,0) -> 0 | DK12: =IF('Tabulka klientů 2023'!$AA16='Hlavní stránka'!DH$1,1,0) -> 0 | DL12: =IF('Tabulka klientů 2023'!$AD16='Hlavní stránka'!DH$1,1,0) -> 0 | DM12: =IF('Tabulka klientů 2023'!$AG16='Hlavní stránka'!DH$1,1,0) -> 0 | DN12: =IF('Tabulka klientů 2023'!$AJ16='Hlavní stránka'!DH$1,1,0) -> 0 | DO12: =IF('Tabulka klientů 2023'!$AM16='Hlavní stránka'!DH$1,1,0) -> 0 | DP12: =IF('Tabulka klientů 2023'!$AP16='Hlavní stránka'!DH$1,1,0) -> 0 | DQ12: =IF('Tabulka klientů 2023'!$AS16='Hlavní stránka'!DH$1,1,0) -> 0 | DR12: =IF('Tabulka klientů 2023'!$AV16='Hlavní stránka'!DH$1,1,0) -> 0 | DS12: =MAX(DH12:DR12) -> 0 | DT12: =DT11+DS11 -> 0 | DU12: =IF('Tabulka klientů 2023'!$R16='Hlavní stránka'!DU$1,1,0) -> 0 | DV12: =IF('Tabulka klientů 2023'!$U16='Hlavní stránka'!DU$1,1,0) -> 0 | DW12: =IF('Tabulka klientů 2023'!$X16='Hlavní stránka'!DU$1,1,0) -> 0 | DX12: =IF('Tabulka klientů 2023'!$AA16='Hlavní stránka'!DU$1,1,0) -> 0 | DY12: =IF('Tabulka klientů 2023'!$AD16='Hlavní stránka'!DU$1,1,0) -> 0 | DZ12: =IF('Tabulka klientů 2023'!$AG16='Hlavní stránka'!DU$1,1,0) -> 0 | EA12: =IF('Tabulka klientů 2023'!$AJ16='Hlavní stránka'!DU$1,1,0) -> 0 | EB12: =IF('Tabulka klientů 2023'!$AM16='Hlavní stránka'!DU$1,1,0) -> 0 | EC12: =IF('Tabulka klientů 2023'!$AP16='Hlavní stránka'!DU$1,1,0) -> 0 | ED12: =IF('Tabulka klientů 2023'!$AS16='Hlavní stránka'!DU$1,1,0) -> 0 | EE12: =IF('Tabulka klientů 2023'!$AV16='Hlavní stránka'!DU$1,1,0) -> 0 | EF12: =MAX(DU12:EE12) -> 0 | EG12: =EG11+EF11 -> 0 | EH12: =IF('Tabulka klientů 2023'!$R16='Hlavní stránka'!EH$1,1,0) -> 0 | EI12: =IF('Tabulka klientů 2023'!$U16='Hlavní stránka'!EH$1,1,0) -> 0 | EJ12: =IF('Tabulka klientů 2023'!$X16='Hlavní stránka'!EH$1,1,0) -> 0 | EK12: =IF('Tabulka klientů 2023'!$AA16='Hlavní stránka'!EH$1,1,0) -> 0 | EL12: =IF('Tabulka klientů 2023'!$AD16='Hlavní stránka'!EH$1,1,0) -> 0 | EM12: =IF('Tabulka klientů 2023'!$AG16='Hlavní stránka'!EH$1,1,0) -> 0 | EN12: =IF('Tabulka klientů 2023'!$AJ16='Hlavní stránka'!EH$1,1,0) -> 0 | EO12: =IF('Tabulka klientů 2023'!$AM16='Hlavní stránka'!EH$1,1,0) -> 0 | EP12: =IF('Tabulka klientů 2023'!$AP16='Hlavní stránka'!EH$1,1,0) -> 0 | EQ12: =IF('Tabulka klientů 2023'!$AS16='Hlavní stránka'!EH$1,1,0) -> 0 | ER12: =IF('Tabulka klientů 2023'!$AV16='Hlavní stránka'!EH$1,1,0) -> 0 | ES12: =MAX(EH12:ER12) -> 0 | ET12: =ET11+ES11 -> 0 | EU12: =IF('Tabulka klientů 2023'!$R16='Hlavní stránka'!EU$1,1,0) -> 0 | EV12: =IF('Tabulka klientů 2023'!$U16='Hlavní stránka'!EU$1,1,0) -> 0 | EW12: =IF('Tabulka klientů 2023'!$X16='Hlavní stránka'!EU$1,1,0) -> 0 | EX12: =IF('Tabulka klientů 2023'!$AA16='Hlavní stránka'!EU$1,1,0) -> 0 | EY12: =IF('Tabulka klientů 2023'!$AD16='Hlavní stránka'!EU$1,1,0) -> 0 | EZ12: =IF('Tabulka klientů 2023'!$AG16='Hlavní stránka'!EU$1,1,0) -> 0 | FA12: =IF('Tabulka klientů 2023'!$AJ16='Hlavní stránka'!EU$1,1,0) -> 0 | FB12: =IF('Tabulka klientů 2023'!$AM16='Hlavní stránka'!EU$1,1,0) -> 0 | FC12: =IF('Tabulka klientů 2023'!$AP16='Hlavní stránka'!EU$1,1,0) -> 0 | FD12: =IF('Tabulka klientů 2023'!$AS16='Hlavní stránka'!EU$1,1,0) -> 0 | FE12: =IF('Tabulka klientů 2023'!$AV16='Hlavní stránka'!EU$1,1,0) -> 0 | FF12: =MAX(EU12:FE12) -> 0 | FG12: =FG11+FF11 -> 0
A13: Motivace | H13: =IF('Tabulka klientů 2023'!$R17='Hlavní stránka'!$H$1,1,0) -> 0 | I13: =IF('Tabulka klientů 2023'!$U17='Hlavní stránka'!$H$1,1,0) -> 0 | J13: =IF('Tabulka klientů 2023'!$X17='Hlavní stránka'!$H$1,1,0) -> 0 | K13: =IF('Tabulka klientů 2023'!$AA17='Hlavní stránka'!$H$1,1,0) -> 0 | L13: =IF('Tabulka klientů 2023'!$AD17='Hlavní stránka'!$H$1,1,0) -> 0 | M13: =IF('Tabulka klientů 2023'!$AG17='Hlavní stránka'!$H$1,1,0) -> 0 | N13: =IF('Tabulka klientů 2023'!$AJ17='Hlavní stránka'!$H$1,1,0) -> 0 | O13: =IF('Tabulka klientů 2023'!$AM17='Hlavní stránka'!$H$1,1,0) -> 0 | P13: =IF('Tabulka klientů 2023'!$AP17='Hlavní stránka'!$H$1,1,0) -> 0 | Q13: =IF('Tabulka klientů 2023'!$AS17='Hlavní stránka'!$H$1,1,0) -> 0 | R13: =IF('Tabulka klientů 2023'!$AV17='Hlavní stránka'!$H$1,1,0) -> 0 | S13: =MAX(H13:R13) -> 0 | T13: =T12+S12 -> 0 | U13: =IF('Tabulka klientů 2023'!$R17='Hlavní stránka'!U$1,1,0) -> 0 | V13: =IF('Tabulka klientů 2023'!$U17='Hlavní stránka'!U$1,1,0) -> 0 | W13: =IF('Tabulka klientů 2023'!$X17='Hlavní stránka'!U$1,1,0) -> 0 | X13: =IF('Tabulka klientů 2023'!$AA17='Hlavní stránka'!U$1,1,0) -> 0 | Y13: =IF('Tabulka klientů 2023'!$AD17='Hlavní stránka'!U$1,1,0) -> 0 | Z13: =IF('Tabulka klientů 2023'!$AG17='Hlavní stránka'!U$1,1,0) -> 0 | AA13: =IF('Tabulka klientů 2023'!$AJ17='Hlavní stránka'!U$1,1,0) -> 0 | AB13: =IF('Tabulka klientů 2023'!$AM17='Hlavní stránka'!U$1,1,0) -> 0 | AC13: =IF('Tabulka klientů 2023'!$AP17='Hlavní stránka'!U$1,1,0) -> 0 | AD13: =IF('Tabulka klientů 2023'!$AS17='Hlavní stránka'!U$1,1,0) -> 0 | AE13: =IF('Tabulka klientů 2023'!$AV17='Hlavní stránka'!U$1,1,0) -> 0 | AF13: =MAX(U13:AE13) -> 0 | AG13: =AG12+AF12 -> 0 | AH13: =IF('Tabulka klientů 2023'!$R17='Hlavní stránka'!AH$1,1,0) -> 0 | AI13: =IF('Tabulka klientů 2023'!$U17='Hlavní stránka'!AH$1,1,0) -> 0 | AJ13: =IF('Tabulka klientů 2023'!$X17='Hlavní stránka'!AH$1,1,0) -> 0 | AK13: =IF('Tabulka klientů 2023'!$AA17='Hlavní stránka'!AH$1,1,0) -> 0 | AL13: =IF('Tabulka klientů 2023'!$AD17='Hlavní stránka'!AH$1,1,0) -> 0 | AM13: =IF('Tabulka klientů 2023'!$AG17='Hlavní stránka'!AH$1,1,0) -> 0 | AN13: =IF('Tabulka klientů 2023'!$AJ17='Hlavní stránka'!AH$1,1,0) -> 0 | AO13: =IF('Tabulka klientů 2023'!$AM17='Hlavní stránka'!AH$1,1,0) -> 0 | AP13: =IF('Tabulka klientů 2023'!$AP17='Hlavní stránka'!AH$1,1,0) -> 0 | AQ13: =IF('Tabulka klientů 2023'!$AS17='Hlavní stránka'!AH$1,1,0) -> 0 | AR13: =IF('Tabulka klientů 2023'!$AV17='Hlavní stránka'!AH$1,1,0) -> 0 | AS13: =MAX(AH13:AR13) -> 0 | AT13: =AT12+AS12 -> 0 | AU13: =IF('Tabulka klientů 2023'!$R17='Hlavní stránka'!AU$1,1,0) -> 0 | AV13: =IF('Tabulka klientů 2023'!$U17='Hlavní stránka'!AU$1,1,0) -> 0 | AW13: =IF('Tabulka klientů 2023'!$X17='Hlavní stránka'!AU$1,1,0) -> 0 | AX13: =IF('Tabulka klientů 2023'!$AA17='Hlavní stránka'!AU$1,1,0) -> 0 | AY13: =IF('Tabulka klientů 2023'!$AD17='Hlavní stránka'!AU$1,1,0) -> 0 | AZ13: =IF('Tabulka klientů 2023'!$AG17='Hlavní stránka'!AU$1,1,0) -> 0 | BA13: =IF('Tabulka klientů 2023'!$AJ17='Hlavní stránka'!AU$1,1,0) -> 0 | BB13: =IF('Tabulka klientů 2023'!$AM17='Hlavní stránka'!AU$1,1,0) -> 0 | BC13: =IF('Tabulka klientů 2023'!$AP17='Hlavní stránka'!AU$1,1,0) -> 0 | BD13: =IF('Tabulka klientů 2023'!$AS17='Hlavní stránka'!AU$1,1,0) -> 0 | BE13: =IF('Tabulka klientů 2023'!$AV17='Hlavní stránka'!AU$1,1,0) -> 0 | BF13: =MAX(AU13:BE13) -> 0 | BG13: =BG12+BF12 -> 0 | BH13: =IF('Tabulka klientů 2023'!$R17='Hlavní stránka'!BH$1,1,0) -> 0 | BI13: =IF('Tabulka klientů 2023'!$U17='Hlavní stránka'!BH$1,1,0) -> 0 | BJ13: =IF('Tabulka klientů 2023'!$X17='Hlavní stránka'!BH$1,1,0) -> 0 | BK13: =IF('Tabulka klientů 2023'!$AA17='Hlavní stránka'!BH$1,1,0) -> 0 | BL13: =IF('Tabulka klientů 2023'!$AD17='Hlavní stránka'!BH$1,1,0) -> 0 | BM13: =IF('Tabulka klientů 2023'!$AG17='Hlavní stránka'!BH$1,1,0) -> 0 | BN13: =IF('Tabulka klientů 2023'!$AJ17='Hlavní stránka'!BH$1,1,0) -> 0 | BO13: =IF('Tabulka klientů 2023'!$AM17='Hlavní stránka'!BH$1,1,0) -> 0 | BP13: =IF('Tabulka klientů 2023'!$AP17='Hlavní stránka'!BH$1,1,0) -> 0 | BQ13: =IF('Tabulka klientů 2023'!$AS17='Hlavní stránka'!BH$1,1,0) -> 0 | BR13: =IF('Tabulka klientů 2023'!$AV17='Hlavní stránka'!BH$1,1,0) -> 0 | BS13: =MAX(BH13:BR13) -> 0 | BT13: =BT12+BS12 -> 0 | BU13: =IF('Tabulka klientů 2023'!$R17='Hlavní stránka'!BU$1,1,0) -> 0 | BV13: =IF('Tabulka klientů 2023'!$U17='Hlavní stránka'!BU$1,1,0) -> 0 | BW13: =IF('Tabulka klientů 2023'!$X17='Hlavní stránka'!BU$1,1,0) -> 0 | BX13: =IF('Tabulka klientů 2023'!$AA17='Hlavní stránka'!BU$1,1,0) -> 0 | BY13: =IF('Tabulka klientů 2023'!$AD17='Hlavní stránka'!BU$1,1,0) -> 0 | BZ13: =IF('Tabulka klientů 2023'!$AG17='Hlavní stránka'!BU$1,1,0) -> 0 | CA13: =IF('Tabulka klientů 2023'!$AJ17='Hlavní stránka'!BU$1,1,0) -> 0 | CB13: =IF('Tabulka klientů 2023'!$AM17='Hlavní stránka'!BU$1,1,0) -> 0 | CC13: =IF('Tabulka klientů 2023'!$AP17='Hlavní stránka'!BU$1,1,0) -> 0 | CD13: =IF('Tabulka klientů 2023'!$AS17='Hlavní stránka'!BU$1,1,0) -> 0 | CE13: =IF('Tabulka klientů 2023'!$AV17='Hlavní stránka'!BU$1,1,0) -> 0 | CF13: =MAX(BU13:CE13) -> 0 | CG13: =CG12+CF12 -> 0 | CH13: =IF('Tabulka klientů 2023'!$R17='Hlavní stránka'!CH$1,1,0) -> 0 | CI13: =IF('Tabulka klientů 2023'!$U17='Hlavní stránka'!CH$1,1,0) -> 0 | CJ13: =IF('Tabulka klientů 2023'!$X17='Hlavní stránka'!CH$1,1,0) -> 0 | CK13: =IF('Tabulka klientů 2023'!$AA17='Hlavní stránka'!CH$1,1,0) -> 0 | CL13: =IF('Tabulka klientů 2023'!$AD17='Hlavní stránka'!CH$1,1,0) -> 0 | CM13: =IF('Tabulka klientů 2023'!$AG17='Hlavní stránka'!CH$1,1,0) -> 0 | CN13: =IF('Tabulka klientů 2023'!$AJ17='Hlavní stránka'!CH$1,1,0) -> 0 | CO13: =IF('Tabulka klientů 2023'!$AM17='Hlavní stránka'!CH$1,1,0) -> 0 | CP13: =IF('Tabulka klientů 2023'!$AP17='Hlavní stránka'!CH$1,1,0) -> 0 | CQ13: =IF('Tabulka klientů 2023'!$AS17='Hlavní stránka'!CH$1,1,0) -> 0 | CR13: =IF('Tabulka klientů 2023'!$AV17='Hlavní stránka'!CH$1,1,0) -> 0 | CS13: =MAX(CH13:CR13) -> 0 | CT13: =CT12+CS12 -> 0 | CU13: =IF('Tabulka klientů 2023'!$R17='Hlavní stránka'!CU$1,1,0) -> 0 | CV13: =IF('Tabulka klientů 2023'!$U17='Hlavní stránka'!CU$1,1,0) -> 0 | CW13: =IF('Tabulka klientů 2023'!$X17='Hlavní stránka'!CU$1,1,0) -> 0 | CX13: =IF('Tabulka klientů 2023'!$AA17='Hlavní stránka'!CU$1,1,0) -> 0 | CY13: =IF('Tabulka klientů 2023'!$AD17='Hlavní stránka'!CU$1,1,0) -> 0 | CZ13: =IF('Tabulka klientů 2023'!$AG17='Hlavní stránka'!CU$1,1,0) -> 0 | DA13: =IF('Tabulka klientů 2023'!$AJ17='Hlavní stránka'!CU$1,1,0) -> 0 | DB13: =IF('Tabulka klientů 2023'!$AM17='Hlavní stránka'!CU$1,1,0) -> 0 | DC13: =IF('Tabulka klientů 2023'!$AP17='Hlavní stránka'!CU$1,1,0) -> 0 | DD13: =IF('Tabulka klientů 2023'!$AS17='Hlavní stránka'!CU$1,1,0) -> 0 | DE13: =IF('Tabulka klientů 2023'!$AV17='Hlavní stránka'!CU$1,1,0) -> 0 | DF13: =MAX(CU13:DE13) -> 0 | DG13: =DG12+DF12 -> 0 | DH13: =IF('Tabulka klientů 2023'!$R17='Hlavní stránka'!DH$1,1,0) -> 0 | DI13: =IF('Tabulka klientů 2023'!$U17='Hlavní stránka'!DH$1,1,0) -> 0 | DJ13: =IF('Tabulka klientů 2023'!$X17='Hlavní stránka'!DH$1,1,0) -> 0 | DK13: =IF('Tabulka klientů 2023'!$AA17='Hlavní stránka'!DH$1,1,0) -> 0 | DL13: =IF('Tabulka klientů 2023'!$AD17='Hlavní stránka'!DH$1,1,0) -> 0 | DM13: =IF('Tabulka klientů 2023'!$AG17='Hlavní stránka'!DH$1,1,0) -> 0 | DN13: =IF('Tabulka klientů 2023'!$AJ17='Hlavní stránka'!DH$1,1,0) -> 0 | DO13: =IF('Tabulka klientů 2023'!$AM17='Hlavní stránka'!DH$1,1,0) -> 0 | DP13: =IF('Tabulka klientů 2023'!$AP17='Hlavní stránka'!DH$1,1,0) -> 0 | DQ13: =IF('Tabulka klientů 2023'!$AS17='Hlavní stránka'!DH$1,1,0) -> 0 | DR13: =IF('Tabulka klientů 2023'!$AV17='Hlavní stránka'!DH$1,1,0) -> 0 | DS13: =MAX(DH13:DR13) -> 0 | DT13: =DT12+DS12 -> 0 | DU13: =IF('Tabulka klientů 2023'!$R17='Hlavní stránka'!DU$1,1,0) -> 0 | DV13: =IF('Tabulka klientů 2023'!$U17='Hlavní stránka'!DU$1,1,0) -> 0 | DW13: =IF('Tabulka klientů 2023'!$X17='Hlavní stránka'!DU$1,1,0) -> 0 | DX13: =IF('Tabulka klientů 2023'!$AA17='Hlavní stránka'!DU$1,1,0) -> 0 | DY13: =IF('Tabulka klientů 2023'!$AD17='Hlavní stránka'!DU$1,1,0) -> 0 | DZ13: =IF('Tabulka klientů 2023'!$AG17='Hlavní stránka'!DU$1,1,0) -> 0 | EA13: =IF('Tabulka klientů 2023'!$AJ17='Hlavní stránka'!DU$1,1,0) -> 0 | EB13: =IF('Tabulka klientů 2023'!$AM17='Hlavní stránka'!DU$1,1,0) -> 0 | EC13: =IF('Tabulka klientů 2023'!$AP17='Hlavní stránka'!DU$1,1,0) -> 0 | ED13: =IF('Tabulka klientů 2023'!$AS17='Hlavní stránka'!DU$1,1,0) -> 0 | EE13: =IF('Tabulka klientů 2023'!$AV17='Hlavní stránka'!DU$1,1,0) -> 0 | EF13: =MAX(DU13:EE13) -> 0 | EG13: =EG12+EF12 -> 0 | EH13: =IF('Tabulka klientů 2023'!$R17='Hlavní stránka'!EH$1,1,0) -> 0 | EI13: =IF('Tabulka klientů 2023'!$U17='Hlavní stránka'!EH$1,1,0) -> 0 | EJ13: =IF('Tabulka klientů 2023'!$X17='Hlavní stránka'!EH$1,1,0) -> 0 | EK13: =IF('Tabulka klientů 2023'!$AA17='Hlavní stránka'!EH$1,1,0) -> 0 | EL13: =IF('Tabulka klientů 2023'!$AD17='Hlavní stránka'!EH$1,1,0) -> 0 | EM13: =IF('Tabulka klientů 2023'!$AG17='Hlavní stránka'!EH$1,1,0) -> 0 | EN13: =IF('Tabulka klientů 2023'!$AJ17='Hlavní stránka'!EH$1,1,0) -> 0 | EO13: =IF('Tabulka klientů 2023'!$AM17='Hlavní stránka'!EH$1,1,0) -> 0 | EP13: =IF('Tabulka klientů 2023'!$AP17='Hlavní stránka'!EH$1,1,0) -> 0 | EQ13: =IF('Tabulka klientů 2023'!$AS17='Hlavní stránka'!EH$1,1,0) -> 0 | ER13: =IF('Tabulka klientů 2023'!$AV17='Hlavní stránka'!EH$1,1,0) -> 0 | ES13: =MAX(EH13:ER13) -> 0 | ET13: =ET12+ES12 -> 0 | EU13: =IF('Tabulka klientů 2023'!$R17='Hlavní stránka'!EU$1,1,0) -> 0 | EV13: =IF('Tabulka klientů 2023'!$U17='Hlavní stránka'!EU$1,1,0) -> 0 | EW13: =IF('Tabulka klientů 2023'!$X17='Hlavní stránka'!EU$1,1,0) -> 0 | EX13: =IF('Tabulka klientů 2023'!$AA17='Hlavní stránka'!EU$1,1,0) -> 0 | EY13: =IF('Tabulka klientů 2023'!$AD17='Hlavní stránka'!EU$1,1,0) -> 0 | EZ13: =IF('Tabulka klientů 2023'!$AG17='Hlavní stránka'!EU$1,1,0) -> 0 | FA13: =IF('Tabulka klientů 2023'!$AJ17='Hlavní stránka'!EU$1,1,0) -> 0 | FB13: =IF('Tabulka klientů 2023'!$AM17='Hlavní stránka'!EU$1,1,0) -> 0 | FC13: =IF('Tabulka klientů 2023'!$AP17='Hlavní stránka'!EU$1,1,0) -> 0 | FD13: =IF('Tabulka klientů 2023'!$AS17='Hlavní stránka'!EU$1,1,0) -> 0 | FE13: =IF('Tabulka klientů 2023'!$AV17='Hlavní stránka'!EU$1,1,0) -> 0 | FF13: =MAX(EU13:FE13) -> 0 | FG13: =FG12+FF12 -> 0
H14: =IF('Tabulka klientů 2023'!$R18='Hlavní stránka'!$H$1,1,0) -> 0 | I14: =IF('Tabulka klientů 2023'!$U18='Hlavní stránka'!$H$1,1,0) -> 0 | J14: =IF('Tabulka klientů 2023'!$X18='Hlavní stránka'!$H$1,1,0) -> 0 | K14: =IF('Tabulka klientů 2023'!$AA18='Hlavní stránka'!$H$1,1,0) -> 0 | L14: =IF('Tabulka klientů 2023'!$AD18='Hlavní stránka'!$H$1,1,0) -> 0 | M14: =IF('Tabulka klientů 2023'!$AG18='Hlavní stránka'!$H$1,1,0) -> 0 | N14: =IF('Tabulka klientů 2023'!$AJ18='Hlavní stránka'!$H$1,1,0) -> 0 | O14: =IF('Tabulka klientů 2023'!$AM18='Hlavní stránka'!$H$1,1,0) -> 0 | P14: =IF('Tabulka klientů 2023'!$AP18='Hlavní stránka'!$H$1,1,0) -> 0 | Q14: =IF('Tabulka klientů 2023'!$AS18='Hlavní stránka'!$H$1,1,0) -> 0 | R14: =IF('Tabulka klientů 2023'!$AV18='Hlavní stránka'!$H$1,1,0) -> 0 | S14: =MAX(H14:R14) -> 0 | T14: =T13+S13 -> 0 | U14: =IF('Tabulka klientů 2023'!$R18='Hlavní stránka'!U$1,1,0) -> 0 | V14: =IF('Tabulka klientů 2023'!$U18='Hlavní stránka'!U$1,1,0) -> 0 | W14: =IF('Tabulka klientů 2023'!$X18='Hlavní stránka'!U$1,1,0) -> 0 | X14: =IF('Tabulka klientů 2023'!$AA18='Hlavní stránka'!U$1,1,0) -> 0 | Y14: =IF('Tabulka klientů 2023'!$AD18='Hlavní stránka'!U$1,1,0) -> 0 | Z14: =IF('Tabulka klientů 2023'!$AG18='Hlavní stránka'!U$1,1,0) -> 0 | AA14: =IF('Tabulka klientů 2023'!$AJ18='Hlavní stránka'!U$1,1,0) -> 0 | AB14: =IF('Tabulka klientů 2023'!$AM18='Hlavní stránka'!U$1,1,0) -> 0 | AC14: =IF('Tabulka klientů 2023'!$AP18='Hlavní stránka'!U$1,1,0) -> 0 | AD14: =IF('Tabulka klientů 2023'!$AS18='Hlavní stránka'!U$1,1,0) -> 0 | AE14: =IF('Tabulka klientů 2023'!$AV18='Hlavní stránka'!U$1,1,0) -> 0 | AF14: =MAX(U14:AE14) -> 0 | AG14: =AG13+AF13 -> 0 | AH14: =IF('Tabulka klientů 2023'!$R18='Hlavní stránka'!AH$1,1,0) -> 0 | AI14: =IF('Tabulka klientů 2023'!$U18='Hlavní stránka'!AH$1,1,0) -> 0 | AJ14: =IF('Tabulka klientů 2023'!$X18='Hlavní stránka'!AH$1,1,0) -> 0 | AK14: =IF('Tabulka klientů 2023'!$AA18='Hlavní stránka'!AH$1,1,0) -> 0 | AL14: =IF('Tabulka klientů 2023'!$AD18='Hlavní stránka'!AH$1,1,0) -> 0 | AM14: =IF('Tabulka klientů 2023'!$AG18='Hlavní stránka'!AH$1,1,0) -> 0 | AN14: =IF('Tabulka klientů 2023'!$AJ18='Hlavní stránka'!AH$1,1,0) -> 0 | AO14: =IF('Tabulka klientů 2023'!$AM18='Hlavní stránka'!AH$1,1,0) -> 0 | AP14: =IF('Tabulka klientů 2023'!$AP18='Hlavní stránka'!AH$1,1,0) -> 0 | AQ14: =IF('Tabulka klientů 2023'!$AS18='Hlavní stránka'!AH$1,1,0) -> 0 | AR14: =IF('Tabulka klientů 2023'!$AV18='Hlavní stránka'!AH$1,1,0) -> 0 | AS14: =MAX(AH14:AR14) -> 0 | AT14: =AT13+AS13 -> 0 | AU14: =IF('Tabulka klientů 2023'!$R18='Hlavní stránka'!AU$1,1,0) -> 0 | AV14: =IF('Tabulka klientů 2023'!$U18='Hlavní stránka'!AU$1,1,0) -> 0 | AW14: =IF('Tabulka klientů 2023'!$X18='Hlavní stránka'!AU$1,1,0) -> 0 | AX14: =IF('Tabulka klientů 2023'!$AA18='Hlavní stránka'!AU$1,1,0) -> 0 | AY14: =IF('Tabulka klientů 2023'!$AD18='Hlavní stránka'!AU$1,1,0) -> 0 | AZ14: =IF('Tabulka klientů 2023'!$AG18='Hlavní stránka'!AU$1,1,0) -> 0 | BA14: =IF('Tabulka klientů 2023'!$AJ18='Hlavní stránka'!AU$1,1,0) -> 0 | BB14: =IF('Tabulka klientů 2023'!$AM18='Hlavní stránka'!AU$1,1,0) -> 0 | BC14: =IF('Tabulka klientů 2023'!$AP18='Hlavní stránka'!AU$1,1,0) -> 0 | BD14: =IF('Tabulka klientů 2023'!$AS18='Hlavní stránka'!AU$1,1,0) -> 0 | BE14: =IF('Tabulka klientů 2023'!$AV18='Hlavní stránka'!AU$1,1,0) -> 0 | BF14: =MAX(AU14:BE14) -> 0 | BG14: =BG13+BF13 -> 0 | BH14: =IF('Tabulka klientů 2023'!$R18='Hlavní stránka'!BH$1,1,0) -> 0 | BI14: =IF('Tabulka klientů 2023'!$U18='Hlavní stránka'!BH$1,1,0) -> 0 | BJ14: =IF('Tabulka klientů 2023'!$X18='Hlavní stránka'!BH$1,1,0) -> 0 | BK14: =IF('Tabulka klientů 2023'!$AA18='Hlavní stránka'!BH$1,1,0) -> 0 | BL14: =IF('Tabulka klientů 2023'!$AD18='Hlavní stránka'!BH$1,1,0) -> 0 | BM14: =IF('Tabulka klientů 2023'!$AG18='Hlavní stránka'!BH$1,1,0) -> 0 | BN14: =IF('Tabulka klientů 2023'!$AJ18='Hlavní stránka'!BH$1,1,0) -> 0 | BO14: =IF('Tabulka klientů 2023'!$AM18='Hlavní stránka'!BH$1,1,0) -> 0 | BP14: =IF('Tabulka klientů 2023'!$AP18='Hlavní stránka'!BH$1,1,0) -> 0 | BQ14: =IF('Tabulka klientů 2023'!$AS18='Hlavní stránka'!BH$1,1,0) -> 0 | BR14: =IF('Tabulka klientů 2023'!$AV18='Hlavní stránka'!BH$1,1,0) -> 0 | BS14: =MAX(BH14:BR14) -> 0 | BT14: =BT13+BS13 -> 0 | BU14: =IF('Tabulka klientů 2023'!$R18='Hlavní stránka'!BU$1,1,0) -> 0 | BV14: =IF('Tabulka klientů 2023'!$U18='Hlavní stránka'!BU$1,1,0) -> 0 | BW14: =IF('Tabulka klientů 2023'!$X18='Hlavní stránka'!BU$1,1,0) -> 0 | BX14: =IF('Tabulka klientů 2023'!$AA18='Hlavní stránka'!BU$1,1,0) -> 0 | BY14: =IF('Tabulka klientů 2023'!$AD18='Hlavní stránka'!BU$1,1,0) -> 0 | BZ14: =IF('Tabulka klientů 2023'!$AG18='Hlavní stránka'!BU$1,1,0) -> 0 | CA14: =IF('Tabulka klientů 2023'!$AJ18='Hlavní stránka'!BU$1,1,0) -> 0 | CB14: =IF('Tabulka klientů 2023'!$AM18='Hlavní stránka'!BU$1,1,0) -> 0 | CC14: =IF('Tabulka klientů 2023'!$AP18='Hlavní stránka'!BU$1,1,0) -> 0 | CD14: =IF('Tabulka klientů 2023'!$AS18='Hlavní stránka'!BU$1,1,0) -> 0 | CE14: =IF('Tabulka klientů 2023'!$AV18='Hlavní stránka'!BU$1,1,0) -> 0 | CF14: =MAX(BU14:CE14) -> 0 | CG14: =CG13+CF13 -> 0 | CH14: =IF('Tabulka klientů 2023'!$R18='Hlavní stránka'!CH$1,1,0) -> 0 | CI14: =IF('Tabulka klientů 2023'!$U18='Hlavní stránka'!CH$1,1,0) -> 0 | CJ14: =IF('Tabulka klientů 2023'!$X18='Hlavní stránka'!CH$1,1,0) -> 0 | CK14: =IF('Tabulka klientů 2023'!$AA18='Hlavní stránka'!CH$1,1,0) -> 0 | CL14: =IF('Tabulka klientů 2023'!$AD18='Hlavní stránka'!CH$1,1,0) -> 0 | CM14: =IF('Tabulka klientů 2023'!$AG18='Hlavní stránka'!CH$1,1,0) -> 0 | CN14: =IF('Tabulka klientů 2023'!$AJ18='Hlavní stránka'!CH$1,1,0) -> 0 | CO14: =IF('Tabulka klientů 2023'!$AM18='Hlavní stránka'!CH$1,1,0) -> 0 | CP14: =IF('Tabulka klientů 2023'!$AP18='Hlavní stránka'!CH$1,1,0) -> 0 | CQ14: =IF('Tabulka klientů 2023'!$AS18='Hlavní stránka'!CH$1,1,0) -> 0 | CR14: =IF('Tabulka klientů 2023'!$AV18='Hlavní stránka'!CH$1,1,0) -> 0 | CS14: =MAX(CH14:CR14) -> 0 | CT14: =CT13+CS13 -> 0 | CU14: =IF('Tabulka klientů 2023'!$R18='Hlavní stránka'!CU$1,1,0) -> 0 | CV14: =IF('Tabulka klientů 2023'!$U18='Hlavní stránka'!CU$1,1,0) -> 0 | CW14: =IF('Tabulka klientů 2023'!$X18='Hlavní stránka'!CU$1,1,0) -> 0 | CX14: =IF('Tabulka klientů 2023'!$AA18='Hlavní stránka'!CU$1,1,0) -> 0 | CY14: =IF('Tabulka klientů 2023'!$AD18='Hlavní stránka'!CU$1,1,0) -> 0 | CZ14: =IF('Tabulka klientů 2023'!$AG18='Hlavní stránka'!CU$1,1,0) -> 0 | DA14: =IF('Tabulka klientů 2023'!$AJ18='Hlavní stránka'!CU$1,1,0) -> 0 | DB14: =IF('Tabulka klientů 2023'!$AM18='Hlavní stránka'!CU$1,1,0) -> 0 | DC14: =IF('Tabulka klientů 2023'!$AP18='Hlavní stránka'!CU$1,1,0) -> 0 | DD14: =IF('Tabulka klientů 2023'!$AS18='Hlavní stránka'!CU$1,1,0) -> 0 | DE14: =IF('Tabulka klientů 2023'!$AV18='Hlavní stránka'!CU$1,1,0) -> 0 | DF14: =MAX(CU14:DE14) -> 0 | DG14: =DG13+DF13 -> 0 | DH14: =IF('Tabulka klientů 2023'!$R18='Hlavní stránka'!DH$1,1,0) -> 0 | DI14: =IF('Tabulka klientů 2023'!$U18='Hlavní stránka'!DH$1,1,0) -> 0 | DJ14: =IF('Tabulka klientů 2023'!$X18='Hlavní stránka'!DH$1,1,0) -> 0 | DK14: =IF('Tabulka klientů 2023'!$AA18='Hlavní stránka'!DH$1,1,0) -> 0 | DL14: =IF('Tabulka klientů 2023'!$AD18='Hlavní stránka'!DH$1,1,0) -> 0 | DM14: =IF('Tabulka klientů 2023'!$AG18='Hlavní stránka'!DH$1,1,0) -> 0 | DN14: =IF('Tabulka klientů 2023'!$AJ18='Hlavní stránka'!DH$1,1,0) -> 0 | DO14: =IF('Tabulka klientů 2023'!$AM18='Hlavní stránka'!DH$1,1,0) -> 0 | DP14: =IF('Tabulka klientů 2023'!$AP18='Hlavní stránka'!DH$1,1,0) -> 0 | DQ14: =IF('Tabulka klientů 2023'!$AS18='Hlavní stránka'!DH$1,1,0) -> 0 | DR14: =IF('Tabulka klientů 2023'!$AV18='Hlavní stránka'!DH$1,1,0) -> 0 | DS14: =MAX(DH14:DR14) -> 0 | DT14: =DT13+DS13 -> 0 | DU14: =IF('Tabulka klientů 2023'!$R18='Hlavní stránka'!DU$1,1,0) -> 0 | DV14: =IF('Tabulka klientů 2023'!$U18='Hlavní stránka'!DU$1,1,0) -> 0 | DW14: =IF('Tabulka klientů 2023'!$X18='Hlavní stránka'!DU$1,1,0) -> 0 | DX14: =IF('Tabulka klientů 2023'!$AA18='Hlavní stránka'!DU$1,1,0) -> 0 | DY14: =IF('Tabulka klientů 2023'!$AD18='Hlavní stránka'!DU$1,1,0) -> 0 | DZ14: =IF('Tabulka klientů 2023'!$AG18='Hlavní stránka'!DU$1,1,0) -> 0 | EA14: =IF('Tabulka klientů 2023'!$AJ18='Hlavní stránka'!DU$1,1,0) -> 0 | EB14: =IF('Tabulka klientů 2023'!$AM18='Hlavní stránka'!DU$1,1,0) -> 0 | EC14: =IF('Tabulka klientů 2023'!$AP18='Hlavní stránka'!DU$1,1,0) -> 0 | ED14: =IF('Tabulka klientů 2023'!$AS18='Hlavní stránka'!DU$1,1,0) -> 0 | EE14: =IF('Tabulka klientů 2023'!$AV18='Hlavní stránka'!DU$1,1,0) -> 0 | EF14: =MAX(DU14:EE14) -> 0 | EG14: =EG13+EF13 -> 0 | EH14: =IF('Tabulka klientů 2023'!$R18='Hlavní stránka'!EH$1,1,0) -> 0 | EI14: =IF('Tabulka klientů 2023'!$U18='Hlavní stránka'!EH$1,1,0) -> 0 | EJ14: =IF('Tabulka klientů 2023'!$X18='Hlavní stránka'!EH$1,1,0) -> 0 | EK14: =IF('Tabulka klientů 2023'!$AA18='Hlavní stránka'!EH$1,1,0) -> 0 | EL14: =IF('Tabulka klientů 2023'!$AD18='Hlavní stránka'!EH$1,1,0) -> 0 | EM14: =IF('Tabulka klientů 2023'!$AG18='Hlavní stránka'!EH$1,1,0) -> 0 | EN14: =IF('Tabulka klientů 2023'!$AJ18='Hlavní stránka'!EH$1,1,0) -> 0 | EO14: =IF('Tabulka klientů 2023'!$AM18='Hlavní stránka'!EH$1,1,0) -> 0 | EP14: =IF('Tabulka klientů 2023'!$AP18='Hlavní stránka'!EH$1,1,0) -> 0 | EQ14: =IF('Tabulka klientů 2023'!$AS18='Hlavní stránka'!EH$1,1,0) -> 0 | ER14: =IF('Tabulka klientů 2023'!$AV18='Hlavní stránka'!EH$1,1,0) -> 0 | ES14: =MAX(EH14:ER14) -> 0 | ET14: =ET13+ES13 -> 0 | EU14: =IF('Tabulka klientů 2023'!$R18='Hlavní stránka'!EU$1,1,0) -> 0 | EV14: =IF('Tabulka klientů 2023'!$U18='Hlavní stránka'!EU$1,1,0) -> 0 | EW14: =IF('Tabulka klientů 2023'!$X18='Hlavní stránka'!EU$1,1,0) -> 0 | EX14: =IF('Tabulka klientů 2023'!$AA18='Hlavní stránka'!EU$1,1,0) -> 0 | EY14: =IF('Tabulka klientů 2023'!$AD18='Hlavní stránka'!EU$1,1,0) -> 0 | EZ14: =IF('Tabulka klientů 2023'!$AG18='Hlavní stránka'!EU$1,1,0) -> 0 | FA14: =IF('Tabulka klientů 2023'!$AJ18='Hlavní stránka'!EU$1,1,0) -> 0 | FB14: =IF('Tabulka klientů 2023'!$AM18='Hlavní stránka'!EU$1,1,0) -> 0 | FC14: =IF('Tabulka klientů 2023'!$AP18='Hlavní stránka'!EU$1,1,0) -> 0 | FD14: =IF('Tabulka klientů 2023'!$AS18='Hlavní stránka'!EU$1,1,0) -> 0 | FE14: =IF('Tabulka klientů 2023'!$AV18='Hlavní stránka'!EU$1,1,0) -> 0 | FF14: =MAX(EU14:FE14) -> 0 | FG14: =FG13+FF13 -> 0
H15: =IF('Tabulka klientů 2023'!$R19='Hlavní stránka'!$H$1,1,0) -> 0 | I15: =IF('Tabulka klientů 2023'!$U19='Hlavní stránka'!$H$1,1,0) -> 0 | J15: =IF('Tabulka klientů 2023'!$X19='Hlavní stránka'!$H$1,1,0) -> 0 | K15: =IF('Tabulka klientů 2023'!$AA19='Hlavní stránka'!$H$1,1,0) -> 0 | L15: =IF('Tabulka klientů 2023'!$AD19='Hlavní stránka'!$H$1,1,0) -> 0 | M15: =IF('Tabulka klientů 2023'!$AG19='Hlavní stránka'!$H$1,1,0) -> 0 | N15: =IF('Tabulka klientů 2023'!$AJ19='Hlavní stránka'!$H$1,1,0) -> 0 | O15: =IF('Tabulka klientů 2023'!$AM19='Hlavní stránka'!$H$1,1,0) -> 0 | P15: =IF('Tabulka klientů 2023'!$AP19='Hlavní stránka'!$H$1,1,0) -> 0 | Q15: =IF('Tabulka klientů 2023'!$AS19='Hlavní stránka'!$H$1,1,0) -> 0 | R15: =IF('Tabulka klientů 2023'!$AV19='Hlavní stránka'!$H$1,1,0) -> 0 | S15: =MAX(H15:R15) -> 0 | T15: =T14+S14 -> 0 | U15: =IF('Tabulka klientů 2023'!$R19='Hlavní stránka'!U$1,1,0) -> 0 | V15: =IF('Tabulka klientů 2023'!$U19='Hlavní stránka'!U$1,1,0) -> 0 | W15: =IF('Tabulka klientů 2023'!$X19='Hlavní stránka'!U$1,1,0) -> 0 | X15: =IF('Tabulka klientů 2023'!$AA19='Hlavní stránka'!U$1,1,0) -> 0 | Y15: =IF('Tabulka klientů 2023'!$AD19='Hlavní stránka'!U$1,1,0) -> 0 | Z15: =IF('Tabulka klientů 2023'!$AG19='Hlavní stránka'!U$1,1,0) -> 0 | AA15: =IF('Tabulka klientů 2023'!$AJ19='Hlavní stránka'!U$1,1,0) -> 0 | AB15: =IF('Tabulka klientů 2023'!$AM19='Hlavní stránka'!U$1,1,0) -> 0 | AC15: =IF('Tabulka klientů 2023'!$AP19='Hlavní stránka'!U$1,1,0) -> 0 | AD15: =IF('Tabulka klientů 2023'!$AS19='Hlavní stránka'!U$1,1,0) -> 0 | AE15: =IF('Tabulka klientů 2023'!$AV19='Hlavní stránka'!U$1,1,0) -> 0 | AF15: =MAX(U15:AE15) -> 0 | AG15: =AG14+AF14 -> 0 | AH15: =IF('Tabulka klientů 2023'!$R19='Hlavní stránka'!AH$1,1,0) -> 0 | AI15: =IF('Tabulka klientů 2023'!$U19='Hlavní stránka'!AH$1,1,0) -> 0 | AJ15: =IF('Tabulka klientů 2023'!$X19='Hlavní stránka'!AH$1,1,0) -> 0 | AK15: =IF('Tabulka klientů 2023'!$AA19='Hlavní stránka'!AH$1,1,0) -> 0 | AL15: =IF('Tabulka klientů 2023'!$AD19='Hlavní stránka'!AH$1,1,0) -> 0 | AM15: =IF('Tabulka klientů 2023'!$AG19='Hlavní stránka'!AH$1,1,0) -> 0 | AN15: =IF('Tabulka klientů 2023'!$AJ19='Hlavní stránka'!AH$1,1,0) -> 0 | AO15: =IF('Tabulka klientů 2023'!$AM19='Hlavní stránka'!AH$1,1,0) -> 0 | AP15: =IF('Tabulka klientů 2023'!$AP19='Hlavní stránka'!AH$1,1,0) -> 0 | AQ15: =IF('Tabulka klientů 2023'!$AS19='Hlavní stránka'!AH$1,1,0) -> 0 | AR15: =IF('Tabulka klientů 2023'!$AV19='Hlavní stránka'!AH$1,1,0) -> 0 | AS15: =MAX(AH15:AR15) -> 0 | AT15: =AT14+AS14 -> 0 | AU15: =IF('Tabulka klientů 2023'!$R19='Hlavní stránka'!AU$1,1,0) -> 0 | AV15: =IF('Tabulka klientů 2023'!$U19='Hlavní stránka'!AU$1,1,0) -> 0 | AW15: =IF('Tabulka klientů 2023'!$X19='Hlavní stránka'!AU$1,1,0) -> 0 | AX15: =IF('Tabulka klientů 2023'!$AA19='Hlavní stránka'!AU$1,1,0) -> 0 | AY15: =IF('Tabulka klientů 2023'!$AD19='Hlavní stránka'!AU$1,1,0) -> 0 | AZ15: =IF('Tabulka klientů 2023'!$AG19='Hlavní stránka'!AU$1,1,0) -> 0 | BA15: =IF('Tabulka klientů 2023'!$AJ19='Hlavní stránka'!AU$1,1,0) -> 0 | BB15: =IF('Tabulka klientů 2023'!$AM19='Hlavní stránka'!AU$1,1,0) -> 0 | BC15: =IF('Tabulka klientů 2023'!$AP19='Hlavní stránka'!AU$1,1,0) -> 0 | BD15: =IF('Tabulka klientů 2023'!$AS19='Hlavní stránka'!AU$1,1,0) -> 0 | BE15: =IF('Tabulka klientů 2023'!$AV19='Hlavní stránka'!AU$1,1,0) -> 0 | BF15: =MAX(AU15:BE15) -> 0 | BG15: =BG14+BF14 -> 0 | BH15: =IF('Tabulka klientů 2023'!$R19='Hlavní stránka'!BH$1,1,0) -> 0 | BI15: =IF('Tabulka klientů 2023'!$U19='Hlavní stránka'!BH$1,1,0) -> 0 | BJ15: =IF('Tabulka klientů 2023'!$X19='Hlavní stránka'!BH$1,1,0) -> 0 | BK15: =IF('Tabulka klientů 2023'!$AA19='Hlavní stránka'!BH$1,1,0) -> 0 | BL15: =IF('Tabulka klientů 2023'!$AD19='Hlavní stránka'!BH$1,1,0) -> 0 | BM15: =IF('Tabulka klientů 2023'!$AG19='Hlavní stránka'!BH$1,1,0) -> 0 | BN15: =IF('Tabulka klientů 2023'!$AJ19='Hlavní stránka'!BH$1,1,0) -> 0 | BO15: =IF('Tabulka klientů 2023'!$AM19='Hlavní stránka'!BH$1,1,0) -> 0 | BP15: =IF('Tabulka klientů 2023'!$AP19='Hlavní stránka'!BH$1,1,0) -> 0 | BQ15: =IF('Tabulka klientů 2023'!$AS19='Hlavní stránka'!BH$1,1,0) -> 0 | BR15: =IF('Tabulka klientů 2023'!$AV19='Hlavní stránka'!BH$1,1,0) -> 0 | BS15: =MAX(BH15:BR15) -> 0 | BT15: =BT14+BS14 -> 0 | BU15: =IF('Tabulka klientů 2023'!$R19='Hlavní stránka'!BU$1,1,0) -> 0 | BV15: =IF('Tabulka klientů 2023'!$U19='Hlavní stránka'!BU$1,1,0) -> 0 | BW15: =IF('Tabulka klientů 2023'!$X19='Hlavní stránka'!BU$1,1,0) -> 0 | BX15: =IF('Tabulka klientů 2023'!$AA19='Hlavní stránka'!BU$1,1,0) -> 0 | BY15: =IF('Tabulka klientů 2023'!$AD19='Hlavní stránka'!BU$1,1,0) -> 0 | BZ15: =IF('Tabulka klientů 2023'!$AG19='Hlavní stránka'!BU$1,1,0) -> 0 | CA15: =IF('Tabulka klientů 2023'!$AJ19='Hlavní stránka'!BU$1,1,0) -> 0 | CB15: =IF('Tabulka klientů 2023'!$AM19='Hlavní stránka'!BU$1,1,0) -> 0 | CC15: =IF('Tabulka klientů 2023'!$AP19='Hlavní stránka'!BU$1,1,0) -> 0 | CD15: =IF('Tabulka klientů 2023'!$AS19='Hlavní stránka'!BU$1,1,0) -> 0 | CE15: =IF('Tabulka klientů 2023'!$AV19='Hlavní stránka'!BU$1,1,0) -> 0 | CF15: =MAX(BU15:CE15) -> 0 | CG15: =CG14+CF14 -> 0 | CH15: =IF('Tabulka klientů 2023'!$R19='Hlavní stránka'!CH$1,1,0) -> 0 | CI15: =IF('Tabulka klientů 2023'!$U19='Hlavní stránka'!CH$1,1,0) -> 0 | CJ15: =IF('Tabulka klientů 2023'!$X19='Hlavní stránka'!CH$1,1,0) -> 0 | CK15: =IF('Tabulka klientů 2023'!$AA19='Hlavní stránka'!CH$1,1,0) -> 0 | CL15: =IF('Tabulka klientů 2023'!$AD19='Hlavní stránka'!CH$1,1,0) -> 0 | CM15: =IF('Tabulka klientů 2023'!$AG19='Hlavní stránka'!CH$1,1,0) -> 0 | CN15: =IF('Tabulka klientů 2023'!$AJ19='Hlavní stránka'!CH$1,1,0) -> 0 | CO15: =IF('Tabulka klientů 2023'!$AM19='Hlavní stránka'!CH$1,1,0) -> 0 | CP15: =IF('Tabulka klientů 2023'!$AP19='Hlavní stránka'!CH$1,1,0) -> 0 | CQ15: =IF('Tabulka klientů 2023'!$AS19='Hlavní stránka'!CH$1,1,0) -> 0 | CR15: =IF('Tabulka klientů 2023'!$AV19='Hlavní stránka'!CH$1,1,0) -> 0 | CS15: =MAX(CH15:CR15) -> 0 | CT15: =CT14+CS14 -> 0 | CU15: =IF('Tabulka klientů 2023'!$R19='Hlavní stránka'!CU$1,1,0) -> 0 | CV15: =IF('Tabulka klientů 2023'!$U19='Hlavní stránka'!CU$1,1,0) -> 0 | CW15: =IF('Tabulka klientů 2023'!$X19='Hlavní stránka'!CU$1,1,0) -> 0 | CX15: =IF('Tabulka klientů 2023'!$AA19='Hlavní stránka'!CU$1,1,0) -> 0 | CY15: =IF('Tabulka klientů 2023'!$AD19='Hlavní stránka'!CU$1,1,0) -> 0 | CZ15: =IF('Tabulka klientů 2023'!$AG19='Hlavní stránka'!CU$1,1,0) -> 0 | DA15: =IF('Tabulka klientů 2023'!$AJ19='Hlavní stránka'!CU$1,1,0) -> 0 | DB15: =IF('Tabulka klientů 2023'!$AM19='Hlavní stránka'!CU$1,1,0) -> 0 | DC15: =IF('Tabulka klientů 2023'!$AP19='Hlavní stránka'!CU$1,1,0) -> 0 | DD15: =IF('Tabulka klientů 2023'!$AS19='Hlavní stránka'!CU$1,1,0) -> 0 | DE15: =IF('Tabulka klientů 2023'!$AV19='Hlavní stránka'!CU$1,1,0) -> 0 | DF15: =MAX(CU15:DE15) -> 0 | DG15: =DG14+DF14 -> 0 | DH15: =IF('Tabulka klientů 2023'!$R19='Hlavní stránka'!DH$1,1,0) -> 0 | DI15: =IF('Tabulka klientů 2023'!$U19='Hlavní stránka'!DH$1,1,0) -> 0 | DJ15: =IF('Tabulka klientů 2023'!$X19='Hlavní stránka'!DH$1,1,0) -> 0 | DK15: =IF('Tabulka klientů 2023'!$AA19='Hlavní stránka'!DH$1,1,0) -> 0 | DL15: =IF('Tabulka klientů 2023'!$AD19='Hlavní stránka'!DH$1,1,0) -> 0 | DM15: =IF('Tabulka klientů 2023'!$AG19='Hlavní stránka'!DH$1,1,0) -> 0 | DN15: =IF('Tabulka klientů 2023'!$AJ19='Hlavní stránka'!DH$1,1,0) -> 0 | DO15: =IF('Tabulka klientů 2023'!$AM19='Hlavní stránka'!DH$1,1,0) -> 0 | DP15: =IF('Tabulka klientů 2023'!$AP19='Hlavní stránka'!DH$1,1,0) -> 0 | DQ15: =IF('Tabulka klientů 2023'!$AS19='Hlavní stránka'!DH$1,1,0) -> 0 | DR15: =IF('Tabulka klientů 2023'!$AV19='Hlavní stránka'!DH$1,1,0) -> 0 | DS15: =MAX(DH15:DR15) -> 0 | DT15: =DT14+DS14 -> 0 | DU15: =IF('Tabulka klientů 2023'!$R19='Hlavní stránka'!DU$1,1,0) -> 0 | DV15: =IF('Tabulka klientů 2023'!$U19='Hlavní stránka'!DU$1,1,0) -> 0 | DW15: =IF('Tabulka klientů 2023'!$X19='Hlavní stránka'!DU$1,1,0) -> 0 | DX15: =IF('Tabulka klientů 2023'!$AA19='Hlavní stránka'!DU$1,1,0) -> 0 | DY15: =IF('Tabulka klientů 2023'!$AD19='Hlavní stránka'!DU$1,1,0) -> 0 | DZ15: =IF('Tabulka klientů 2023'!$AG19='Hlavní stránka'!DU$1,1,0) -> 0 | EA15: =IF('Tabulka klientů 2023'!$AJ19='Hlavní stránka'!DU$1,1,0) -> 0 | EB15: =IF('Tabulka klientů 2023'!$AM19='Hlavní stránka'!DU$1,1,0) -> 0 | EC15: =IF('Tabulka klientů 2023'!$AP19='Hlavní stránka'!DU$1,1,0) -> 0 | ED15: =IF('Tabulka klientů 2023'!$AS19='Hlavní stránka'!DU$1,1,0) -> 0 | EE15: =IF('Tabulka klientů 2023'!$AV19='Hlavní stránka'!DU$1,1,0) -> 0 | EF15: =MAX(DU15:EE15) -> 0 | EG15: =EG14+EF14 -> 0 | EH15: =IF('Tabulka klientů 2023'!$R19='Hlavní stránka'!EH$1,1,0) -> 0 | EI15: =IF('Tabulka klientů 2023'!$U19='Hlavní stránka'!EH$1,1,0) -> 0 | EJ15: =IF('Tabulka klientů 2023'!$X19='Hlavní stránka'!EH$1,1,0) -> 0 | EK15: =IF('Tabulka klientů 2023'!$AA19='Hlavní stránka'!EH$1,1,0) -> 0 | EL15: =IF('Tabulka klientů 2023'!$AD19='Hlavní stránka'!EH$1,1,0) -> 0 | EM15: =IF('Tabulka klientů 2023'!$AG19='Hlavní stránka'!EH$1,1,0) -> 0 | EN15: =IF('Tabulka klientů 2023'!$AJ19='Hlavní stránka'!EH$1,1,0) -> 0 | EO15: =IF('Tabulka klientů 2023'!$AM19='Hlavní stránka'!EH$1,1,0) -> 0 | EP15: =IF('Tabulka klientů 2023'!$AP19='Hlavní stránka'!EH$1,1,0) -> 0 | EQ15: =IF('Tabulka klientů 2023'!$AS19='Hlavní stránka'!EH$1,1,0) -> 0 | ER15: =IF('Tabulka klientů 2023'!$AV19='Hlavní stránka'!EH$1,1,0) -> 0 | ES15: =MAX(EH15:ER15) -> 0 | ET15: =ET14+ES14 -> 0 | EU15: =IF('Tabulka klientů 2023'!$R19='Hlavní stránka'!EU$1,1,0) -> 0 | EV15: =IF('Tabulka klientů 2023'!$U19='Hlavní stránka'!EU$1,1,0) -> 0 | EW15: =IF('Tabulka klientů 2023'!$X19='Hlavní stránka'!EU$1,1,0) -> 0 | EX15: =IF('Tabulka klientů 2023'!$AA19='Hlavní stránka'!EU$1,1,0) -> 0 | EY15: =IF('Tabulka klientů 2023'!$AD19='Hlavní stránka'!EU$1,1,0) -> 0 | EZ15: =IF('Tabulka klientů 2023'!$AG19='Hlavní stránka'!EU$1,1,0) -> 0 | FA15: =IF('Tabulka klientů 2023'!$AJ19='Hlavní stránka'!EU$1,1,0) -> 0 | FB15: =IF('Tabulka klientů 2023'!$AM19='Hlavní stránka'!EU$1,1,0) -> 0 | FC15: =IF('Tabulka klientů 2023'!$AP19='Hlavní stránka'!EU$1,1,0) -> 0 | FD15: =IF('Tabulka klientů 2023'!$AS19='Hlavní stránka'!EU$1,1,0) -> 0 | FE15: =IF('Tabulka klientů 2023'!$AV19='Hlavní stránka'!EU$1,1,0) -> 0 | FF15: =MAX(EU15:FE15) -> 0 | FG15: =FG14+FF14 -> 0
H16: =IF('Tabulka klientů 2023'!$R20='Hlavní stránka'!$H$1,1,0) -> 0 | I16: =IF('Tabulka klientů 2023'!$U20='Hlavní stránka'!$H$1,1,0) -> 0 | J16: =IF('Tabulka klientů 2023'!$X20='Hlavní stránka'!$H$1,1,0) -> 0 | K16: =IF('Tabulka klientů 2023'!$AA20='Hlavní stránka'!$H$1,1,0) -> 0 | L16: =IF('Tabulka klientů 2023'!$AD20='Hlavní stránka'!$H$1,1,0) -> 0 | M16: =IF('Tabulka klientů 2023'!$AG20='Hlavní stránka'!$H$1,1,0) -> 0 | N16: =IF('Tabulka klientů 2023'!$AJ20='Hlavní stránka'!$H$1,1,0) -> 0 | O16: =IF('Tabulka klientů 2023'!$AM20='Hlavní stránka'!$H$1,1,0) -> 0 | P16: =IF('Tabulka klientů 2023'!$AP20='Hlavní stránka'!$H$1,1,0) -> 0 | Q16: =IF('Tabulka klientů 2023'!$AS20='Hlavní stránka'!$H$1,1,0) -> 0 | R16: =IF('Tabulka klientů 2023'!$AV20='Hlavní stránka'!$H$1,1,0) -> 0 | S16: =MAX(H16:R16) -> 0 | T16: =T15+S15 -> 0 | U16: =IF('Tabulka klientů 2023'!$R20='Hlavní stránka'!U$1,1,0) -> 0 | V16: =IF('Tabulka klientů 2023'!$U20='Hlavní stránka'!U$1,1,0) -> 0 | W16: =IF('Tabulka klientů 2023'!$X20='Hlavní stránka'!U$1,1,0) -> 0 | X16: =IF('Tabulka klientů 2023'!$AA20='Hlavní stránka'!U$1,1,0) -> 0 | Y16: =IF('Tabulka klientů 2023'!$AD20='Hlavní stránka'!U$1,1,0) -> 0 | Z16: =IF('Tabulka klientů 2023'!$AG20='Hlavní stránka'!U$1,1,0) -> 0 | AA16: =IF('Tabulka klientů 2023'!$AJ20='Hlavní stránka'!U$1,1,0) -> 0 | AB16: =IF('Tabulka klientů 2023'!$AM20='Hlavní stránka'!U$1,1,0) -> 0 | AC16: =IF('Tabulka klientů 2023'!$AP20='Hlavní stránka'!U$1,1,0) -> 0 | AD16: =IF('Tabulka klientů 2023'!$AS20='Hlavní stránka'!U$1,1,0) -> 0 | AE16: =IF('Tabulka klientů 2023'!$AV20='Hlavní stránka'!U$1,1,0) -> 0 | AF16: =MAX(U16:AE16) -> 0 | AG16: =AG15+AF15 -> 0 | AH16: =IF('Tabulka klientů 2023'!$R20='Hlavní stránka'!AH$1,1,0) -> 0 | AI16: =IF('Tabulka klientů 2023'!$U20='Hlavní stránka'!AH$1,1,0) -> 0 | AJ16: =IF('Tabulka klientů 2023'!$X20='Hlavní stránka'!AH$1,1,0) -> 0 | AK16: =IF('Tabulka klientů 2023'!$AA20='Hlavní stránka'!AH$1,1,0) -> 0 | AL16: =IF('Tabulka klientů 2023'!$AD20='Hlavní stránka'!AH$1,1,0) -> 0 | AM16: =IF('Tabulka klientů 2023'!$AG20='Hlavní stránka'!AH$1,1,0) -> 0 | AN16: =IF('Tabulka klientů 2023'!$AJ20='Hlavní stránka'!AH$1,1,0) -> 0 | AO16: =IF('Tabulka klientů 2023'!$AM20='Hlavní stránka'!AH$1,1,0) -> 0 | AP16: =IF('Tabulka klientů 2023'!$AP20='Hlavní stránka'!AH$1,1,0) -> 0 | AQ16: =IF('Tabulka klientů 2023'!$AS20='Hlavní stránka'!AH$1,1,0) -> 0 | AR16: =IF('Tabulka klientů 2023'!$AV20='Hlavní stránka'!AH$1,1,0) -> 0 | AS16: =MAX(AH16:AR16) -> 0 | AT16: =AT15+AS15 -> 0 | AU16: =IF('Tabulka klientů 2023'!$R20='Hlavní stránka'!AU$1,1,0) -> 0 | AV16: =IF('Tabulka klientů 2023'!$U20='Hlavní stránka'!AU$1,1,0) -> 0 | AW16: =IF('Tabulka klientů 2023'!$X20='Hlavní stránka'!AU$1,1,0) -> 0 | AX16: =IF('Tabulka klientů 2023'!$AA20='Hlavní stránka'!AU$1,1,0) -> 0 | AY16: =IF('Tabulka klientů 2023'!$AD20='Hlavní stránka'!AU$1,1,0) -> 0 | AZ16: =IF('Tabulka klientů 2023'!$AG20='Hlavní stránka'!AU$1,1,0) -> 0 | BA16: =IF('Tabulka klientů 2023'!$AJ20='Hlavní stránka'!AU$1,1,0) -> 0 | BB16: =IF('Tabulka klientů 2023'!$AM20='Hlavní stránka'!AU$1,1,0) -> 0 | BC16: =IF('Tabulka klientů 2023'!$AP20='Hlavní stránka'!AU$1,1,0) -> 0 | BD16: =IF('Tabulka klientů 2023'!$AS20='Hlavní stránka'!AU$1,1,0) -> 0 | BE16: =IF('Tabulka klientů 2023'!$AV20='Hlavní stránka'!AU$1,1,0) -> 0 | BF16: =MAX(AU16:BE16) -> 0 | BG16: =BG15+BF15 -> 0 | BH16: =IF('Tabulka klientů 2023'!$R20='Hlavní stránka'!BH$1,1,0) -> 0 | BI16: =IF('Tabulka klientů 2023'!$U20='Hlavní stránka'!BH$1,1,0) -> 0 | BJ16: =IF('Tabulka klientů 2023'!$X20='Hlavní stránka'!BH$1,1,0) -> 0 | BK16: =IF('Tabulka klientů 2023'!$AA20='Hlavní stránka'!BH$1,1,0) -> 0 | BL16: =IF('Tabulka klientů 2023'!$AD20='Hlavní stránka'!BH$1,1,0) -> 0 | BM16: =IF('Tabulka klientů 2023'!$AG20='Hlavní stránka'!BH$1,1,0) -> 0 | BN16: =IF('Tabulka klientů 2023'!$AJ20='Hlavní stránka'!BH$1,1,0) -> 0 | BO16: =IF('Tabulka klientů 2023'!$AM20='Hlavní stránka'!BH$1,1,0) -> 0 | BP16: =IF('Tabulka klientů 2023'!$AP20='Hlavní stránka'!BH$1,1,0) -> 0 | BQ16: =IF('Tabulka klientů 2023'!$AS20='Hlavní stránka'!BH$1,1,0) -> 0 | BR16: =IF('Tabulka klientů 2023'!$AV20='Hlavní stránka'!BH$1,1,0) -> 0 | BS16: =MAX(BH16:BR16) -> 0 | BT16: =BT15+BS15 -> 0 | BU16: =IF('Tabulka klientů 2023'!$R20='Hlavní stránka'!BU$1,1,0) -> 0 | BV16: =IF('Tabulka klientů 2023'!$U20='Hlavní stránka'!BU$1,1,0) -> 0 | BW16: =IF('Tabulka klientů 2023'!$X20='Hlavní stránka'!BU$1,1,0) -> 0 | BX16: =IF('Tabulka klientů 2023'!$AA20='Hlavní stránka'!BU$1,1,0) -> 0 | BY16: =IF('Tabulka klientů 2023'!$AD20='Hlavní stránka'!BU$1,1,0) -> 0 | BZ16: =IF('Tabulka klientů 2023'!$AG20='Hlavní stránka'!BU$1,1,0) -> 0 | CA16: =IF('Tabulka klientů 2023'!$AJ20='Hlavní stránka'!BU$1,1,0) -> 0 | CB16: =IF('Tabulka klientů 2023'!$AM20='Hlavní stránka'!BU$1,1,0) -> 0 | CC16: =IF('Tabulka klientů 2023'!$AP20='Hlavní stránka'!BU$1,1,0) -> 0 | CD16: =IF('Tabulka klientů 2023'!$AS20='Hlavní stránka'!BU$1,1,0) -> 0 | CE16: =IF('Tabulka klientů 2023'!$AV20='Hlavní stránka'!BU$1,1,0) -> 0 | CF16: =MAX(BU16:CE16) -> 0 | CG16: =CG15+CF15 -> 0 | CH16: =IF('Tabulka klientů 2023'!$R20='Hlavní stránka'!CH$1,1,0) -> 0 | CI16: =IF('Tabulka klientů 2023'!$U20='Hlavní stránka'!CH$1,1,0) -> 0 | CJ16: =IF('Tabulka klientů 2023'!$X20='Hlavní stránka'!CH$1,1,0) -> 0 | CK16: =IF('Tabulka klientů 2023'!$AA20='Hlavní stránka'!CH$1,1,0) -> 0 | CL16: =IF('Tabulka klientů 2023'!$AD20='Hlavní stránka'!CH$1,1,0) -> 0 | CM16: =IF('Tabulka klientů 2023'!$AG20='Hlavní stránka'!CH$1,1,0) -> 0 | CN16: =IF('Tabulka klientů 2023'!$AJ20='Hlavní stránka'!CH$1,1,0) -> 0 | CO16: =IF('Tabulka klientů 2023'!$AM20='Hlavní stránka'!CH$1,1,0) -> 0 | CP16: =IF('Tabulka klientů 2023'!$AP20='Hlavní stránka'!CH$1,1,0) -> 0 | CQ16: =IF('Tabulka klientů 2023'!$AS20='Hlavní stránka'!CH$1,1,0) -> 0 | CR16: =IF('Tabulka klientů 2023'!$AV20='Hlavní stránka'!CH$1,1,0) -> 0 | CS16: =MAX(CH16:CR16) -> 0 | CT16: =CT15+CS15 -> 0 | CU16: =IF('Tabulka klientů 2023'!$R20='Hlavní stránka'!CU$1,1,0) -> 0 | CV16: =IF('Tabulka klientů 2023'!$U20='Hlavní stránka'!CU$1,1,0) -> 0 | CW16: =IF('Tabulka klientů 2023'!$X20='Hlavní stránka'!CU$1,1,0) -> 0 | CX16: =IF('Tabulka klientů 2023'!$AA20='Hlavní stránka'!CU$1,1,0) -> 0 | CY16: =IF('Tabulka klientů 2023'!$AD20='Hlavní stránka'!CU$1,1,0) -> 0 | CZ16: =IF('Tabulka klientů 2023'!$AG20='Hlavní stránka'!CU$1,1,0) -> 0 | DA16: =IF('Tabulka klientů 2023'!$AJ20='Hlavní stránka'!CU$1,1,0) -> 0 | DB16: =IF('Tabulka klientů 2023'!$AM20='Hlavní stránka'!CU$1,1,0) -> 0 | DC16: =IF('Tabulka klientů 2023'!$AP20='Hlavní stránka'!CU$1,1,0) -> 0 | DD16: =IF('Tabulka klientů 2023'!$AS20='Hlavní stránka'!CU$1,1,0) -> 0 | DE16: =IF('Tabulka klientů 2023'!$AV20='Hlavní stránka'!CU$1,1,0) -> 0 | DF16: =MAX(CU16:DE16) -> 0 | DG16: =DG15+DF15 -> 0 | DH16: =IF('Tabulka klientů 2023'!$R20='Hlavní stránka'!DH$1,1,0) -> 0 | DI16: =IF('Tabulka klientů 2023'!$U20='Hlavní stránka'!DH$1,1,0) -> 0 | DJ16: =IF('Tabulka klientů 2023'!$X20='Hlavní stránka'!DH$1,1,0) -> 0 | DK16: =IF('Tabulka klientů 2023'!$AA20='Hlavní stránka'!DH$1,1,0) -> 0 | DL16: =IF('Tabulka klientů 2023'!$AD20='Hlavní stránka'!DH$1,1,0) -> 0 | DM16: =IF('Tabulka klientů 2023'!$AG20='Hlavní stránka'!DH$1,1,0) -> 0 | DN16: =IF('Tabulka klientů 2023'!$AJ20='Hlavní stránka'!DH$1,1,0) -> 0 | DO16: =IF('Tabulka klientů 2023'!$AM20='Hlavní stránka'!DH$1,1,0) -> 0 | DP16: =IF('Tabulka klientů 2023'!$AP20='Hlavní stránka'!DH$1,1,0) -> 0 | DQ16: =IF('Tabulka klientů 2023'!$AS20='Hlavní stránka'!DH$1,1,0) -> 0 | DR16: =IF('Tabulka klientů 2023'!$AV20='Hlavní stránka'!DH$1,1,0) -> 0 | DS16: =MAX(DH16:DR16) -> 0 | DT16: =DT15+DS15 -> 0 | DU16: =IF('Tabulka klientů 2023'!$R20='Hlavní stránka'!DU$1,1,0) -> 0 | DV16: =IF('Tabulka klientů 2023'!$U20='Hlavní stránka'!DU$1,1,0) -> 0 | DW16: =IF('Tabulka klientů 2023'!$X20='Hlavní stránka'!DU$1,1,0) -> 0 | DX16: =IF('Tabulka klientů 2023'!$AA20='Hlavní stránka'!DU$1,1,0) -> 0 | DY16: =IF('Tabulka klientů 2023'!$AD20='Hlavní stránka'!DU$1,1,0) -> 0 | DZ16: =IF('Tabulka klientů 2023'!$AG20='Hlavní stránka'!DU$1,1,0) -> 0 | EA16: =IF('Tabulka klientů 2023'!$AJ20='Hlavní stránka'!DU$1,1,0) -> 0 | EB16: =IF('Tabulka klientů 2023'!$AM20='Hlavní stránka'!DU$1,1,0) -> 0 | EC16: =IF('Tabulka klientů 2023'!$AP20='Hlavní stránka'!DU$1,1,0) -> 0 | ED16: =IF('Tabulka klientů 2023'!$AS20='Hlavní stránka'!DU$1,1,0) -> 0 | EE16: =IF('Tabulka klientů 2023'!$AV20='Hlavní stránka'!DU$1,1,0) -> 0 | EF16: =MAX(DU16:EE16) -> 0 | EG16: =EG15+EF15 -> 0 | EH16: =IF('Tabulka klientů 2023'!$R20='Hlavní stránka'!EH$1,1,0) -> 0 | EI16: =IF('Tabulka klientů 2023'!$U20='Hlavní stránka'!EH$1,1,0) -> 0 | EJ16: =IF('Tabulka klientů 2023'!$X20='Hlavní stránka'!EH$1,1,0) -> 0 | EK16: =IF('Tabulka klientů 2023'!$AA20='Hlavní stránka'!EH$1,1,0) -> 0 | EL16: =IF('Tabulka klientů 2023'!$AD20='Hlavní stránka'!EH$1,1,0) -> 0 | EM16: =IF('Tabulka klientů 2023'!$AG20='Hlavní stránka'!EH$1,1,0) -> 0 | EN16: =IF('Tabulka klientů 2023'!$AJ20='Hlavní stránka'!EH$1,1,0) -> 0 | EO16: =IF('Tabulka klientů 2023'!$AM20='Hlavní stránka'!EH$1,1,0) -> 0 | EP16: =IF('Tabulka klientů 2023'!$AP20='Hlavní stránka'!EH$1,1,0) -> 0 | EQ16: =IF('Tabulka klientů 2023'!$AS20='Hlavní stránka'!EH$1,1,0) -> 0 | ER16: =IF('Tabulka klientů 2023'!$AV20='Hlavní stránka'!EH$1,1,0) -> 0 | ES16: =MAX(EH16:ER16) -> 0 | ET16: =ET15+ES15 -> 0 | EU16: =IF('Tabulka klientů 2023'!$R20='Hlavní stránka'!EU$1,1,0) -> 0 | EV16: =IF('Tabulka klientů 2023'!$U20='Hlavní stránka'!EU$1,1,0) -> 0 | EW16: =IF('Tabulka klientů 2023'!$X20='Hlavní stránka'!EU$1,1,0) -> 0 | EX16: =IF('Tabulka klientů 2023'!$AA20='Hlavní stránka'!EU$1,1,0) -> 0 | EY16: =IF('Tabulka klientů 2023'!$AD20='Hlavní stránka'!EU$1,1,0) -> 0 | EZ16: =IF('Tabulka klientů 2023'!$AG20='Hlavní stránka'!EU$1,1,0) -> 0 | FA16: =IF('Tabulka klientů 2023'!$AJ20='Hlavní stránka'!EU$1,1,0) -> 0 | FB16: =IF('Tabulka klientů 2023'!$AM20='Hlavní stránka'!EU$1,1,0) -> 0 | FC16: =IF('Tabulka klientů 2023'!$AP20='Hlavní stránka'!EU$1,1,0) -> 0 | FD16: =IF('Tabulka klientů 2023'!$AS20='Hlavní stránka'!EU$1,1,0) -> 0 | FE16: =IF('Tabulka klientů 2023'!$AV20='Hlavní stránka'!EU$1,1,0) -> 0 | FF16: =MAX(EU16:FE16) -> 0 | FG16: =FG15+FF15 -> 0
H17: =IF('Tabulka klientů 2023'!$R21='Hlavní stránka'!$H$1,1,0) -> 0 | I17: =IF('Tabulka klientů 2023'!$U21='Hlavní stránka'!$H$1,1,0) -> 0 | J17: =IF('Tabulka klientů 2023'!$X21='Hlavní stránka'!$H$1,1,0) -> 0 | K17: =IF('Tabulka klientů 2023'!$AA21='Hlavní stránka'!$H$1,1,0) -> 0 | L17: =IF('Tabulka klientů 2023'!$AD21='Hlavní stránka'!$H$1,1,0) -> 0 | M17: =IF('Tabulka klientů 2023'!$AG21='Hlavní stránka'!$H$1,1,0) -> 0 | N17: =IF('Tabulka klientů 2023'!$AJ21='Hlavní stránka'!$H$1,1,0) -> 0 | O17: =IF('Tabulka klientů 2023'!$AM21='Hlavní stránka'!$H$1,1,0) -> 0 | P17: =IF('Tabulka klientů 2023'!$AP21='Hlavní stránka'!$H$1,1,0) -> 0 | Q17: =IF('Tabulka klientů 2023'!$AS21='Hlavní stránka'!$H$1,1,0) -> 0 | R17: =IF('Tabulka klientů 2023'!$AV21='Hlavní stránka'!$H$1,1,0) -> 0 | S17: =MAX(H17:R17) -> 0 | T17: =T16+S16 -> 0 | U17: =IF('Tabulka klientů 2023'!$R21='Hlavní stránka'!U$1,1,0) -> 0 | V17: =IF('Tabulka klientů 2023'!$U21='Hlavní stránka'!U$1,1,0) -> 0 | W17: =IF('Tabulka klientů 2023'!$X21='Hlavní stránka'!U$1,1,0) -> 0 | X17: =IF('Tabulka klientů 2023'!$AA21='Hlavní stránka'!U$1,1,0) -> 0 | Y17: =IF('Tabulka klientů 2023'!$AD21='Hlavní stránka'!U$1,1,0) -> 0 | Z17: =IF('Tabulka klientů 2023'!$AG21='Hlavní stránka'!U$1,1,0) -> 0 | AA17: =IF('Tabulka klientů 2023'!$AJ21='Hlavní stránka'!U$1,1,0) -> 0 | AB17: =IF('Tabulka klientů 2023'!$AM21='Hlavní stránka'!U$1,1,0) -> 0 | AC17: =IF('Tabulka klientů 2023'!$AP21='Hlavní stránka'!U$1,1,0) -> 0 | AD17: =IF('Tabulka klientů 2023'!$AS21='Hlavní stránka'!U$1,1,0) -> 0 | AE17: =IF('Tabulka klientů 2023'!$AV21='Hlavní stránka'!U$1,1,0) -> 0 | AF17: =MAX(U17:AE17) -> 0 | AG17: =AG16+AF16 -> 0 | AH17: =IF('Tabulka klientů 2023'!$R21='Hlavní stránka'!AH$1,1,0) -> 0 | AI17: =IF('Tabulka klientů 2023'!$U21='Hlavní stránka'!AH$1,1,0) -> 0 | AJ17: =IF('Tabulka klientů 2023'!$X21='Hlavní stránka'!AH$1,1,0) -> 0 | AK17: =IF('Tabulka klientů 2023'!$AA21='Hlavní stránka'!AH$1,1,0) -> 0 | AL17: =IF('Tabulka klientů 2023'!$AD21='Hlavní stránka'!AH$1,1,0) -> 0 | AM17: =IF('Tabulka klientů 2023'!$AG21='Hlavní stránka'!AH$1,1,0) -> 0 | AN17: =IF('Tabulka klientů 2023'!$AJ21='Hlavní stránka'!AH$1,1,0) -> 0 | AO17: =IF('Tabulka klientů 2023'!$AM21='Hlavní stránka'!AH$1,1,0) -> 0 | AP17: =IF('Tabulka klientů 2023'!$AP21='Hlavní stránka'!AH$1,1,0) -> 0 | AQ17: =IF('Tabulka klientů 2023'!$AS21='Hlavní stránka'!AH$1,1,0) -> 0 | AR17: =IF('Tabulka klientů 2023'!$AV21='Hlavní stránka'!AH$1,1,0) -> 0 | AS17: =MAX(AH17:AR17) -> 0 | AT17: =AT16+AS16 -> 0 | AU17: =IF('Tabulka klientů 2023'!$R21='Hlavní stránka'!AU$1,1,0) -> 0 | AV17: =IF('Tabulka klientů 2023'!$U21='Hlavní stránka'!AU$1,1,0) -> 0 | AW17: =IF('Tabulka klientů 2023'!$X21='Hlavní stránka'!AU$1,1,0) -> 0 | AX17: =IF('Tabulka klientů 2023'!$AA21='Hlavní stránka'!AU$1,1,0) -> 0 | AY17: =IF('Tabulka klientů 2023'!$AD21='Hlavní stránka'!AU$1,1,0) -> 0 | AZ17: =IF('Tabulka klientů 2023'!$AG21='Hlavní stránka'!AU$1,1,0) -> 0 | BA17: =IF('Tabulka klientů 2023'!$AJ21='Hlavní stránka'!AU$1,1,0) -> 0 | BB17: =IF('Tabulka klientů 2023'!$AM21='Hlavní stránka'!AU$1,1,0) -> 0 | BC17: =IF('Tabulka klientů 2023'!$AP21='Hlavní stránka'!AU$1,1,0) -> 0 | BD17: =IF('Tabulka klientů 2023'!$AS21='Hlavní stránka'!AU$1,1,0) -> 0 | BE17: =IF('Tabulka klientů 2023'!$AV21='Hlavní stránka'!AU$1,1,0) -> 0 | BF17: =MAX(AU17:BE17) -> 0 | BG17: =BG16+BF16 -> 0 | BH17: =IF('Tabulka klientů 2023'!$R21='Hlavní stránka'!BH$1,1,0) -> 0 | BI17: =IF('Tabulka klientů 2023'!$U21='Hlavní stránka'!BH$1,1,0) -> 0 | BJ17: =IF('Tabulka klientů 2023'!$X21='Hlavní stránka'!BH$1,1,0) -> 0 | BK17: =IF('Tabulka klientů 2023'!$AA21='Hlavní stránka'!BH$1,1,0) -> 0 | BL17: =IF('Tabulka klientů 2023'!$AD21='Hlavní stránka'!BH$1,1,0) -> 0 | BM17: =IF('Tabulka klientů 2023'!$AG21='Hlavní stránka'!BH$1,1,0) -> 0 | BN17: =IF('Tabulka klientů 2023'!$AJ21='Hlavní stránka'!BH$1,1,0) -> 0 | BO17: =IF('Tabulka klientů 2023'!$AM21='Hlavní stránka'!BH$1,1,0) -> 0 | BP17: =IF('Tabulka klientů 2023'!$AP21='Hlavní stránka'!BH$1,1,0) -> 0 | BQ17: =IF('Tabulka klientů 2023'!$AS21='Hlavní stránka'!BH$1,1,0) -> 0 | BR17: =IF('Tabulka klientů 2023'!$AV21='Hlavní stránka'!BH$1,1,0) -> 0 | BS17: =MAX(BH17:BR17) -> 0 | BT17: =BT16+BS16 -> 0 | BU17: =IF('Tabulka klientů 2023'!$R21='Hlavní stránka'!BU$1,1,0) -> 0 | BV17: =IF('Tabulka klientů 2023'!$U21='Hlavní stránka'!BU$1,1,0) -> 0 | BW17: =IF('Tabulka klientů 2023'!$X21='Hlavní stránka'!BU$1,1,0) -> 0 | BX17: =IF('Tabulka klientů 2023'!$AA21='Hlavní stránka'!BU$1,1,0) -> 0 | BY17: =IF('Tabulka klientů 2023'!$AD21='Hlavní stránka'!BU$1,1,0) -> 0 | BZ17: =IF('Tabulka klientů 2023'!$AG21='Hlavní stránka'!BU$1,1,0) -> 0 | CA17: =IF('Tabulka klientů 2023'!$AJ21='Hlavní stránka'!BU$1,1,0) -> 0 | CB17: =IF('Tabulka klientů 2023'!$AM21='Hlavní stránka'!BU$1,1,0) -> 0 | CC17: =IF('Tabulka klientů 2023'!$AP21='Hlavní stránka'!BU$1,1,0) -> 0 | CD17: =IF('Tabulka klientů 2023'!$AS21='Hlavní stránka'!BU$1,1,0) -> 0 | CE17: =IF('Tabulka klientů 2023'!$AV21='Hlavní stránka'!BU$1,1,0) -> 0 | CF17: =MAX(BU17:CE17) -> 0 | CG17: =CG16+CF16 -> 0 | CH17: =IF('Tabulka klientů 2023'!$R21='Hlavní stránka'!CH$1,1,0) -> 0 | CI17: =IF('Tabulka klientů 2023'!$U21='Hlavní stránka'!CH$1,1,0) -> 0 | CJ17: =IF('Tabulka klientů 2023'!$X21='Hlavní stránka'!CH$1,1,0) -> 0 | CK17: =IF('Tabulka klientů 2023'!$AA21='Hlavní stránka'!CH$1,1,0) -> 0 | CL17: =IF('Tabulka klientů 2023'!$AD21='Hlavní stránka'!CH$1,1,0) -> 0 | CM17: =IF('Tabulka klientů 2023'!$AG21='Hlavní stránka'!CH$1,1,0) -> 0 | CN17: =IF('Tabulka klientů 2023'!$AJ21='Hlavní stránka'!CH$1,1,0) -> 0 | CO17: =IF('Tabulka klientů 2023'!$AM21='Hlavní stránka'!CH$1,1,0) -> 0 | CP17: =IF('Tabulka klientů 2023'!$AP21='Hlavní stránka'!CH$1,1,0) -> 0 | CQ17: =IF('Tabulka klientů 2023'!$AS21='Hlavní stránka'!CH$1,1,0) -> 0 | CR17: =IF('Tabulka klientů 2023'!$AV21='Hlavní stránka'!CH$1,1,0) -> 0 | CS17: =MAX(CH17:CR17) -> 0 | CT17: =CT16+CS16 -> 0 | CU17: =IF('Tabulka klientů 2023'!$R21='Hlavní stránka'!CU$1,1,0) -> 0 | CV17: =IF('Tabulka klientů 2023'!$U21='Hlavní stránka'!CU$1,1,0) -> 0 | CW17: =IF('Tabulka klientů 2023'!$X21='Hlavní stránka'!CU$1,1,0) -> 0 | CX17: =IF('Tabulka klientů 2023'!$AA21='Hlavní stránka'!CU$1,1,0) -> 0 | CY17: =IF('Tabulka klientů 2023'!$AD21='Hlavní stránka'!CU$1,1,0) -> 0 | CZ17: =IF('Tabulka klientů 2023'!$AG21='Hlavní stránka'!CU$1,1,0) -> 0 | DA17: =IF('Tabulka klientů 2023'!$AJ21='Hlavní stránka'!CU$1,1,0) -> 0 | DB17: =IF('Tabulka klientů 2023'!$AM21='Hlavní stránka'!CU$1,1,0) -> 0 | DC17: =IF('Tabulka klientů 2023'!$AP21='Hlavní stránka'!CU$1,1,0) -> 0 | DD17: =IF('Tabulka klientů 2023'!$AS21='Hlavní stránka'!CU$1,1,0) -> 0 | DE17: =IF('Tabulka klientů 2023'!$AV21='Hlavní stránka'!CU$1,1,0) -> 0 | DF17: =MAX(CU17:DE17) -> 0 | DG17: =DG16+DF16 -> 0 | DH17: =IF('Tabulka klientů 2023'!$R21='Hlavní stránka'!DH$1,1,0) -> 0 | DI17: =IF('Tabulka klientů 2023'!$U21='Hlavní stránka'!DH$1,1,0) -> 0 | DJ17: =IF('Tabulka klientů 2023'!$X21='Hlavní stránka'!DH$1,1,0) -> 0 | DK17: =IF('Tabulka klientů 2023'!$AA21='Hlavní stránka'!DH$1,1,0) -> 0 | DL17: =IF('Tabulka klientů 2023'!$AD21='Hlavní stránka'!DH$1,1,0) -> 0 | DM17: =IF('Tabulka klientů 2023'!$AG21='Hlavní stránka'!DH$1,1,0) -> 0 | DN17: =IF('Tabulka klientů 2023'!$AJ21='Hlavní stránka'!DH$1,1,0) -> 0 | DO17: =IF('Tabulka klientů 2023'!$AM21='Hlavní stránka'!DH$1,1,0) -> 0 | DP17: =IF('Tabulka klientů 2023'!$AP21='Hlavní stránka'!DH$1,1,0) -> 0 | DQ17: =IF('Tabulka klientů 2023'!$AS21='Hlavní stránka'!DH$1,1,0) -> 0 | DR17: =IF('Tabulka klientů 2023'!$AV21='Hlavní stránka'!DH$1,1,0) -> 0 | DS17: =MAX(DH17:DR17) -> 0 | DT17: =DT16+DS16 -> 0 | DU17: =IF('Tabulka klientů 2023'!$R21='Hlavní stránka'!DU$1,1,0) -> 0 | DV17: =IF('Tabulka klientů 2023'!$U21='Hlavní stránka'!DU$1,1,0) -> 0 | DW17: =IF('Tabulka klientů 2023'!$X21='Hlavní stránka'!DU$1,1,0) -> 0 | DX17: =IF('Tabulka klientů 2023'!$AA21='Hlavní stránka'!DU$1,1,0) -> 0 | DY17: =IF('Tabulka klientů 2023'!$AD21='Hlavní stránka'!DU$1,1,0) -> 0 | DZ17: =IF('Tabulka klientů 2023'!$AG21='Hlavní stránka'!DU$1,1,0) -> 0 | EA17: =IF('Tabulka klientů 2023'!$AJ21='Hlavní stránka'!DU$1,1,0) -> 0 | EB17: =IF('Tabulka klientů 2023'!$AM21='Hlavní stránka'!DU$1,1,0) -> 0 | EC17: =IF('Tabulka klientů 2023'!$AP21='Hlavní stránka'!DU$1,1,0) -> 0 | ED17: =IF('Tabulka klientů 2023'!$AS21='Hlavní stránka'!DU$1,1,0) -> 0 | EE17: =IF('Tabulka klientů 2023'!$AV21='Hlavní stránka'!DU$1,1,0) -> 0 | EF17: =MAX(DU17:EE17) -> 0 | EG17: =EG16+EF16 -> 0 | EH17: =IF('Tabulka klientů 2023'!$R21='Hlavní stránka'!EH$1,1,0) -> 0 | EI17: =IF('Tabulka klientů 2023'!$U21='Hlavní stránka'!EH$1,1,0) -> 0 | EJ17: =IF('Tabulka klientů 2023'!$X21='Hlavní stránka'!EH$1,1,0) -> 0 | EK17: =IF('Tabulka klientů 2023'!$AA21='Hlavní stránka'!EH$1,1,0) -> 0 | EL17: =IF('Tabulka klientů 2023'!$AD21='Hlavní stránka'!EH$1,1,0) -> 0 | EM17: =IF('Tabulka klientů 2023'!$AG21='Hlavní stránka'!EH$1,1,0) -> 0 | EN17: =IF('Tabulka klientů 2023'!$AJ21='Hlavní stránka'!EH$1,1,0) -> 0 | EO17: =IF('Tabulka klientů 2023'!$AM21='Hlavní stránka'!EH$1,1,0) -> 0 | EP17: =IF('Tabulka klientů 2023'!$AP21='Hlavní stránka'!EH$1,1,0) -> 0 | EQ17: =IF('Tabulka klientů 2023'!$AS21='Hlavní stránka'!EH$1,1,0) -> 0 | ER17: =IF('Tabulka klientů 2023'!$AV21='Hlavní stránka'!EH$1,1,0) -> 0 | ES17: =MAX(EH17:ER17) -> 0 | ET17: =ET16+ES16 -> 0 | EU17: =IF('Tabulka klientů 2023'!$R21='Hlavní stránka'!EU$1,1,0) -> 0 | EV17: =IF('Tabulka klientů 2023'!$U21='Hlavní stránka'!EU$1,1,0) -> 0 | EW17: =IF('Tabulka klientů 2023'!$X21='Hlavní stránka'!EU$1,1,0) -> 0 | EX17: =IF('Tabulka klientů 2023'!$AA21='Hlavní stránka'!EU$1,1,0) -> 0 | EY17: =IF('Tabulka klientů 2023'!$AD21='Hlavní stránka'!EU$1,1,0) -> 0 | EZ17: =IF('Tabulka klientů 2023'!$AG21='Hlavní stránka'!EU$1,1,0) -> 0 | FA17: =IF('Tabulka klientů 2023'!$AJ21='Hlavní stránka'!EU$1,1,0) -> 0 | FB17: =IF('Tabulka klientů 2023'!$AM21='Hlavní stránka'!EU$1,1,0) -> 0 | FC17: =IF('Tabulka klientů 2023'!$AP21='Hlavní stránka'!EU$1,1,0) -> 0 | FD17: =IF('Tabulka klientů 2023'!$AS21='Hlavní stránka'!EU$1,1,0) -> 0 | FE17: =IF('Tabulka klientů 2023'!$AV21='Hlavní stránka'!EU$1,1,0) -> 0 | FF17: =MAX(EU17:FE17) -> 0 | FG17: =FG16+FF16 -> 0
H18: =IF('Tabulka klientů 2023'!$R22='Hlavní stránka'!$H$1,1,0) -> 0 | I18: =IF('Tabulka klientů 2023'!$U22='Hlavní stránka'!$H$1,1,0) -> 0 | J18: =IF('Tabulka klientů 2023'!$X22='Hlavní stránka'!$H$1,1,0) -> 0 | K18: =IF('Tabulka klientů 2023'!$AA22='Hlavní stránka'!$H$1,1,0) -> 0 | L18: =IF('Tabulka klientů 2023'!$AD22='Hlavní stránka'!$H$1,1,0) -> 0 | M18: =IF('Tabulka klientů 2023'!$AG22='Hlavní stránka'!$H$1,1,0) -> 0 | N18: =IF('Tabulka klientů 2023'!$AJ22='Hlavní stránka'!$H$1,1,0) -> 0 | O18: =IF('Tabulka klientů 2023'!$AM22='Hlavní stránka'!$H$1,1,0) -> 0 | P18: =IF('Tabulka klientů 2023'!$AP22='Hlavní stránka'!$H$1,1,0) -> 0 | Q18: =IF('Tabulka klientů 2023'!$AS22='Hlavní stránka'!$H$1,1,0) -> 0 | R18: =IF('Tabulka klientů 2023'!$AV22='Hlavní stránka'!$H$1,1,0) -> 0 | S18: =MAX(H18:R18) -> 0 | T18: =T17+S17 -> 0 | U18: =IF('Tabulka klientů 2023'!$R22='Hlavní stránka'!U$1,1,0) -> 0 | V18: =IF('Tabulka klientů 2023'!$U22='Hlavní stránka'!U$1,1,0) -> 0 | W18: =IF('Tabulka klientů 2023'!$X22='Hlavní stránka'!U$1,1,0) -> 0 | X18: =IF('Tabulka klientů 2023'!$AA22='Hlavní stránka'!U$1,1,0) -> 0 | Y18: =IF('Tabulka klientů 2023'!$AD22='Hlavní stránka'!U$1,1,0) -> 0 | Z18: =IF('Tabulka klientů 2023'!$AG22='Hlavní stránka'!U$1,1,0) -> 0 | AA18: =IF('Tabulka klientů 2023'!$AJ22='Hlavní stránka'!U$1,1,0) -> 0 | AB18: =IF('Tabulka klientů 2023'!$AM22='Hlavní stránka'!U$1,1,0) -> 0 | AC18: =IF('Tabulka klientů 2023'!$AP22='Hlavní stránka'!U$1,1,0) -> 0 | AD18: =IF('Tabulka klientů 2023'!$AS22='Hlavní stránka'!U$1,1,0) -> 0 | AE18: =IF('Tabulka klientů 2023'!$AV22='Hlavní stránka'!U$1,1,0) -> 0 | AF18: =MAX(U18:AE18) -> 0 | AG18: =AG17+AF17 -> 0 | AH18: =IF('Tabulka klientů 2023'!$R22='Hlavní stránka'!AH$1,1,0) -> 0 | AI18: =IF('Tabulka klientů 2023'!$U22='Hlavní stránka'!AH$1,1,0) -> 0 | AJ18: =IF('Tabulka klientů 2023'!$X22='Hlavní stránka'!AH$1,1,0) -> 0 | AK18: =IF('Tabulka klientů 2023'!$AA22='Hlavní stránka'!AH$1,1,0) -> 0 | AL18: =IF('Tabulka klientů 2023'!$AD22='Hlavní stránka'!AH$1,1,0) -> 0 | AM18: =IF('Tabulka klientů 2023'!$AG22='Hlavní stránka'!AH$1,1,0) -> 0 | AN18: =IF('Tabulka klientů 2023'!$AJ22='Hlavní stránka'!AH$1,1,0) -> 0 | AO18: =IF('Tabulka klientů 2023'!$AM22='Hlavní stránka'!AH$1,1,0) -> 0 | AP18: =IF('Tabulka klientů 2023'!$AP22='Hlavní stránka'!AH$1,1,0) -> 0 | AQ18: =IF('Tabulka klientů 2023'!$AS22='Hlavní stránka'!AH$1,1,0) -> 0 | AR18: =IF('Tabulka klientů 2023'!$AV22='Hlavní stránka'!AH$1,1,0) -> 0 | AS18: =MAX(AH18:AR18) -> 0 | AT18: =AT17+AS17 -> 0 | AU18: =IF('Tabulka klientů 2023'!$R22='Hlavní stránka'!AU$1,1,0) -> 0 | AV18: =IF('Tabulka klientů 2023'!$U22='Hlavní stránka'!AU$1,1,0) -> 0 | AW18: =IF('Tabulka klientů 2023'!$X22='Hlavní stránka'!AU$1,1,0) -> 0 | AX18: =IF('Tabulka klientů 2023'!$AA22='Hlavní stránka'!AU$1,1,0) -> 0 | AY18: =IF('Tabulka klientů 2023'!$AD22='Hlavní stránka'!AU$1,1,0) -> 0 | AZ18: =IF('Tabulka klientů 2023'!$AG22='Hlavní stránka'!AU$1,1,0) -> 0 | BA18: =IF('Tabulka klientů 2023'!$AJ22='Hlavní stránka'!AU$1,1,0) -> 0 | BB18: =IF('Tabulka klientů 2023'!$AM22='Hlavní stránka'!AU$1,1,0) -> 0 | BC18: =IF('Tabulka klientů 2023'!$AP22='Hlavní stránka'!AU$1,1,0) -> 0 | BD18: =IF('Tabulka klientů 2023'!$AS22='Hlavní stránka'!AU$1,1,0) -> 0 | BE18: =IF('Tabulka klientů 2023'!$AV22='Hlavní stránka'!AU$1,1,0) -> 0 | BF18: =MAX(AU18:BE18) -> 0 | BG18: =BG17+BF17 -> 0 | BH18: =IF('Tabulka klientů 2023'!$R22='Hlavní stránka'!BH$1,1,0) -> 0 | BI18: =IF('Tabulka klientů 2023'!$U22='Hlavní stránka'!BH$1,1,0) -> 0 | BJ18: =IF('Tabulka klientů 2023'!$X22='Hlavní stránka'!BH$1,1,0) -> 0 | BK18: =IF('Tabulka klientů 2023'!$AA22='Hlavní stránka'!BH$1,1,0) -> 0 | BL18: =IF('Tabulka klientů 2023'!$AD22='Hlavní stránka'!BH$1,1,0) -> 0 | BM18: =IF('Tabulka klientů 2023'!$AG22='Hlavní stránka'!BH$1,1,0) -> 0 | BN18: =IF('Tabulka klientů 2023'!$AJ22='Hlavní stránka'!BH$1,1,0) -> 0 | BO18: =IF('Tabulka klientů 2023'!$AM22='Hlavní stránka'!BH$1,1,0) -> 0 | BP18: =IF('Tabulka klientů 2023'!$AP22='Hlavní stránka'!BH$1,1,0) -> 0 | BQ18: =IF('Tabulka klientů 2023'!$AS22='Hlavní stránka'!BH$1,1,0) -> 0 | BR18: =IF('Tabulka klientů 2023'!$AV22='Hlavní stránka'!BH$1,1,0) -> 0 | BS18: =MAX(BH18:BR18) -> 0 | BT18: =BT17+BS17 -> 0 | BU18: =IF('Tabulka klientů 2023'!$R22='Hlavní stránka'!BU$1,1,0) -> 0 | BV18: =IF('Tabulka klientů 2023'!$U22='Hlavní stránka'!BU$1,1,0) -> 0 | BW18: =IF('Tabulka klientů 2023'!$X22='Hlavní stránka'!BU$1,1,0) -> 0 | BX18: =IF('Tabulka klientů 2023'!$AA22='Hlavní stránka'!BU$1,1,0) -> 0 | BY18: =IF('Tabulka klientů 2023'!$AD22='Hlavní stránka'!BU$1,1,0) -> 0 | BZ18: =IF('Tabulka klientů 2023'!$AG22='Hlavní stránka'!BU$1,1,0) -> 0 | CA18: =IF('Tabulka klientů 2023'!$AJ22='Hlavní stránka'!BU$1,1,0) -> 0 | CB18: =IF('Tabulka klientů 2023'!$AM22='Hlavní stránka'!BU$1,1,0) -> 0 | CC18: =IF('Tabulka klientů 2023'!$AP22='Hlavní stránka'!BU$1,1,0) -> 0 | CD18: =IF('Tabulka klientů 2023'!$AS22='Hlavní stránka'!BU$1,1,0) -> 0 | CE18: =IF('Tabulka klientů 2023'!$AV22='Hlavní stránka'!BU$1,1,0) -> 0 | CF18: =MAX(BU18:CE18) -> 0 | CG18: =CG17+CF17 -> 0 | CH18: =IF('Tabulka klientů 2023'!$R22='Hlavní stránka'!CH$1,1,0) -> 0 | CI18: =IF('Tabulka klientů 2023'!$U22='Hlavní stránka'!CH$1,1,0) -> 0 | CJ18: =IF('Tabulka klientů 2023'!$X22='Hlavní stránka'!CH$1,1,0) -> 0 | CK18: =IF('Tabulka klientů 2023'!$AA22='Hlavní stránka'!CH$1,1,0) -> 0 | CL18: =IF('Tabulka klientů 2023'!$AD22='Hlavní stránka'!CH$1,1,0) -> 0 | CM18: =IF('Tabulka klientů 2023'!$AG22='Hlavní stránka'!CH$1,1,0) -> 0 | CN18: =IF('Tabulka klientů 2023'!$AJ22='Hlavní stránka'!CH$1,1,0) -> 0 | CO18: =IF('Tabulka klientů 2023'!$AM22='Hlavní stránka'!CH$1,1,0) -> 0 | CP18: =IF('Tabulka klientů 2023'!$AP22='Hlavní stránka'!CH$1,1,0) -> 0 | CQ18: =IF('Tabulka klientů 2023'!$AS22='Hlavní stránka'!CH$1,1,0) -> 0 | CR18: =IF('Tabulka klientů 2023'!$AV22='Hlavní stránka'!CH$1,1,0) -> 0 | CS18: =MAX(CH18:CR18) -> 0 | CT18: =CT17+CS17 -> 0 | CU18: =IF('Tabulka klientů 2023'!$R22='Hlavní stránka'!CU$1,1,0) -> 0 | CV18: =IF('Tabulka klientů 2023'!$U22='Hlavní stránka'!CU$1,1,0) -> 0 | CW18: =IF('Tabulka klientů 2023'!$X22='Hlavní stránka'!CU$1,1,0) -> 0 | CX18: =IF('Tabulka klientů 2023'!$AA22='Hlavní stránka'!CU$1,1,0) -> 0 | CY18: =IF('Tabulka klientů 2023'!$AD22='Hlavní stránka'!CU$1,1,0) -> 0 | CZ18: =IF('Tabulka klientů 2023'!$AG22='Hlavní stránka'!CU$1,1,0) -> 0 | DA18: =IF('Tabulka klientů 2023'!$AJ22='Hlavní stránka'!CU$1,1,0) -> 0 | DB18: =IF('Tabulka klientů 2023'!$AM22='Hlavní stránka'!CU$1,1,0) -> 0 | DC18: =IF('Tabulka klientů 2023'!$AP22='Hlavní stránka'!CU$1,1,0) -> 0 | DD18: =IF('Tabulka klientů 2023'!$AS22='Hlavní stránka'!CU$1,1,0) -> 0 | DE18: =IF('Tabulka klientů 2023'!$AV22='Hlavní stránka'!CU$1,1,0) -> 0 | DF18: =MAX(CU18:DE18) -> 0 | DG18: =DG17+DF17 -> 0 | DH18: =IF('Tabulka klientů 2023'!$R22='Hlavní stránka'!DH$1,1,0) -> 0 | DI18: =IF('Tabulka klientů 2023'!$U22='Hlavní stránka'!DH$1,1,0) -> 0 | DJ18: =IF('Tabulka klientů 2023'!$X22='Hlavní stránka'!DH$1,1,0) -> 0 | DK18: =IF('Tabulka klientů 2023'!$AA22='Hlavní stránka'!DH$1,1,0) -> 0 | DL18: =IF('Tabulka klientů 2023'!$AD22='Hlavní stránka'!DH$1,1,0) -> 0 | DM18: =IF('Tabulka klientů 2023'!$AG22='Hlavní stránka'!DH$1,1,0) -> 0 | DN18: =IF('Tabulka klientů 2023'!$AJ22='Hlavní stránka'!DH$1,1,0) -> 0 | DO18: =IF('Tabulka klientů 2023'!$AM22='Hlavní stránka'!DH$1,1,0) -> 0 | DP18: =IF('Tabulka klientů 2023'!$AP22='Hlavní stránka'!DH$1,1,0) -> 0 | DQ18: =IF('Tabulka klientů 2023'!$AS22='Hlavní stránka'!DH$1,1,0) -> 0 | DR18: =IF('Tabulka klientů 2023'!$AV22='Hlavní stránka'!DH$1,1,0) -> 0 | DS18: =MAX(DH18:DR18) -> 0 | DT18: =DT17+DS17 -> 0 | DU18: =IF('Tabulka klientů 2023'!$R22='Hlavní stránka'!DU$1,1,0) -> 0 | DV18: =IF('Tabulka klientů 2023'!$U22='Hlavní stránka'!DU$1,1,0) -> 0 | DW18: =IF('Tabulka klientů 2023'!$X22='Hlavní stránka'!DU$1,1,0) -> 0 | DX18: =IF('Tabulka klientů 2023'!$AA22='Hlavní stránka'!DU$1,1,0) -> 0 | DY18: =IF('Tabulka klientů 2023'!$AD22='Hlavní stránka'!DU$1,1,0) -> 0 | DZ18: =IF('Tabulka klientů 2023'!$AG22='Hlavní stránka'!DU$1,1,0) -> 0 | EA18: =IF('Tabulka klientů 2023'!$AJ22='Hlavní stránka'!DU$1,1,0) -> 0 | EB18: =IF('Tabulka klientů 2023'!$AM22='Hlavní stránka'!DU$1,1,0) -> 0 | EC18: =IF('Tabulka klientů 2023'!$AP22='Hlavní stránka'!DU$1,1,0) -> 0 | ED18: =IF('Tabulka klientů 2023'!$AS22='Hlavní stránka'!DU$1,1,0) -> 0 | EE18: =IF('Tabulka klientů 2023'!$AV22='Hlavní stránka'!DU$1,1,0) -> 0 | EF18: =MAX(DU18:EE18) -> 0 | EG18: =EG17+EF17 -> 0 | EH18: =IF('Tabulka klientů 2023'!$R22='Hlavní stránka'!EH$1,1,0) -> 0 | EI18: =IF('Tabulka klientů 2023'!$U22='Hlavní stránka'!EH$1,1,0) -> 0 | EJ18: =IF('Tabulka klientů 2023'!$X22='Hlavní stránka'!EH$1,1,0) -> 0 | EK18: =IF('Tabulka klientů 2023'!$AA22='Hlavní stránka'!EH$1,1,0) -> 0 | EL18: =IF('Tabulka klientů 2023'!$AD22='Hlavní stránka'!EH$1,1,0) -> 0 | EM18: =IF('Tabulka klientů 2023'!$AG22='Hlavní stránka'!EH$1,1,0) -> 0 | EN18: =IF('Tabulka klientů 2023'!$AJ22='Hlavní stránka'!EH$1,1,0) -> 0 | EO18: =IF('Tabulka klientů 2023'!$AM22='Hlavní stránka'!EH$1,1,0) -> 0 | EP18: =IF('Tabulka klientů 2023'!$AP22='Hlavní stránka'!EH$1,1,0) -> 0 | EQ18: =IF('Tabulka klientů 2023'!$AS22='Hlavní stránka'!EH$1,1,0) -> 0 | ER18: =IF('Tabulka klientů 2023'!$AV22='Hlavní stránka'!EH$1,1,0) -> 0 | ES18: =MAX(EH18:ER18) -> 0 | ET18: =ET17+ES17 -> 0 | EU18: =IF('Tabulka klientů 2023'!$R22='Hlavní stránka'!EU$1,1,0) -> 0 | EV18: =IF('Tabulka klientů 2023'!$U22='Hlavní stránka'!EU$1,1,0) -> 0 | EW18: =IF('Tabulka klientů 2023'!$X22='Hlavní stránka'!EU$1,1,0) -> 0 | EX18: =IF('Tabulka klientů 2023'!$AA22='Hlavní stránka'!EU$1,1,0) -> 0 | EY18: =IF('Tabulka klientů 2023'!$AD22='Hlavní stránka'!EU$1,1,0) -> 0 | EZ18: =IF('Tabulka klientů 2023'!$AG22='Hlavní stránka'!EU$1,1,0) -> 0 | FA18: =IF('Tabulka klientů 2023'!$AJ22='Hlavní stránka'!EU$1,1,0) -> 0 | FB18: =IF('Tabulka klientů 2023'!$AM22='Hlavní stránka'!EU$1,1,0) -> 0 | FC18: =IF('Tabulka klientů 2023'!$AP22='Hlavní stránka'!EU$1,1,0) -> 0 | FD18: =IF('Tabulka klientů 2023'!$AS22='Hlavní stránka'!EU$1,1,0) -> 0 | FE18: =IF('Tabulka klientů 2023'!$AV22='Hlavní stránka'!EU$1,1,0) -> 0 | FF18: =MAX(EU18:FE18) -> 0 | FG18: =FG17+FF17 -> 0
A19: Cíle | B19: KRÁTKODOBÉ | D19: STŘEDNĚDOBÉ | F19: DLOUHODOBÉ | H19: =IF('Tabulka klientů 2023'!$R23='Hlavní stránka'!$H$1,1,0) -> 0 | I19: =IF('Tabulka klientů 2023'!$U23='Hlavní stránka'!$H$1,1,0) -> 0 | J19: =IF('Tabulka klientů 2023'!$X23='Hlavní stránka'!$H$1,1,0) -> 0 | K19: =IF('Tabulka klientů 2023'!$AA23='Hlavní stránka'!$H$1,1,0) -> 0 | L19: =IF('Tabulka klientů 2023'!$AD23='Hlavní stránka'!$H$1,1,0) -> 0 | M19: =IF('Tabulka klientů 2023'!$AG23='Hlavní stránka'!$H$1,1,0) -> 0 | N19: =IF('Tabulka klientů 2023'!$AJ23='Hlavní stránka'!$H$1,1,0) -> 0 | O19: =IF('Tabulka klientů 2023'!$AM23='Hlavní stránka'!$H$1,1,0) -> 0 | P19: =IF('Tabulka klientů 2023'!$AP23='Hlavní stránka'!$H$1,1,0) -> 0 | Q19: =IF('Tabulka klientů 2023'!$AS23='Hlavní stránka'!$H$1,1,0) -> 0 | R19: =IF('Tabulka klientů 2023'!$AV23='Hlavní stránka'!$H$1,1,0) -> 0 | S19: =MAX(H19:R19) -> 0 | T19: =T18+S18 -> 0 | U19: =IF('Tabulka klientů 2023'!$R23='Hlavní stránka'!U$1,1,0) -> 0 | V19: =IF('Tabulka klientů 2023'!$U23='Hlavní stránka'!U$1,1,0) -> 0 | W19: =IF('Tabulka klientů 2023'!$X23='Hlavní stránka'!U$1,1,0) -> 0 | X19: =IF('Tabulka klientů 2023'!$AA23='Hlavní stránka'!U$1,1,0) -> 0 | Y19: =IF('Tabulka klientů 2023'!$AD23='Hlavní stránka'!U$1,1,0) -> 0 | Z19: =IF('Tabulka klientů 2023'!$AG23='Hlavní stránka'!U$1,1,0) -> 0 | AA19: =IF('Tabulka klientů 2023'!$AJ23='Hlavní stránka'!U$1,1,0) -> 0 | AB19: =IF('Tabulka klientů 2023'!$AM23='Hlavní stránka'!U$1,1,0) -> 0 | AC19: =IF('Tabulka klientů 2023'!$AP23='Hlavní stránka'!U$1,1,0) -> 0 | AD19: =IF('Tabulka klientů 2023'!$AS23='Hlavní stránka'!U$1,1,0) -> 0 | AE19: =IF('Tabulka klientů 2023'!$AV23='Hlavní stránka'!U$1,1,0) -> 0 | AF19: =MAX(U19:AE19) -> 0 | AG19: =AG18+AF18 -> 0 | AH19: =IF('Tabulka klientů 2023'!$R23='Hlavní stránka'!AH$1,1,0) -> 0 | AI19: =IF('Tabulka klientů 2023'!$U23='Hlavní stránka'!AH$1,1,0) -> 0 | AJ19: =IF('Tabulka klientů 2023'!$X23='Hlavní stránka'!AH$1,1,0) -> 0 | AK19: =IF('Tabulka klientů 2023'!$AA23='Hlavní stránka'!AH$1,1,0) -> 0 | AL19: =IF('Tabulka klientů 2023'!$AD23='Hlavní stránka'!AH$1,1,0) -> 0 | AM19: =IF('Tabulka klientů 2023'!$AG23='Hlavní stránka'!AH$1,1,0) -> 0 | AN19: =IF('Tabulka klientů 2023'!$AJ23='Hlavní stránka'!AH$1,1,0) -> 0 | AO19: =IF('Tabulka klientů 2023'!$AM23='Hlavní stránka'!AH$1,1,0) -> 0 | AP19: =IF('Tabulka klientů 2023'!$AP23='Hlavní stránka'!AH$1,1,0) -> 0 | AQ19: =IF('Tabulka klientů 2023'!$AS23='Hlavní stránka'!AH$1,1,0) -> 0 | AR19: =IF('Tabulka klientů 2023'!$AV23='Hlavní stránka'!AH$1,1,0) -> 0 | AS19: =MAX(AH19:AR19) -> 0 | AT19: =AT18+AS18 -> 0 | AU19: =IF('Tabulka klientů 2023'!$R23='Hlavní stránka'!AU$1,1,0) -> 0 | AV19: =IF('Tabulka klientů 2023'!$U23='Hlavní stránka'!AU$1,1,0) -> 0 | AW19: =IF('Tabulka klientů 2023'!$X23='Hlavní stránka'!AU$1,1,0) -> 0 | AX19: =IF('Tabulka klientů 2023'!$AA23='Hlavní stránka'!AU$1,1,0) -> 0 | AY19: =IF('Tabulka klientů 2023'!$AD23='Hlavní stránka'!AU$1,1,0) -> 0 | AZ19: =IF('Tabulka klientů 2023'!$AG23='Hlavní stránka'!AU$1,1,0) -> 0 | BA19: =IF('Tabulka klientů 2023'!$AJ23='Hlavní stránka'!AU$1,1,0) -> 0 | BB19: =IF('Tabulka klientů 2023'!$AM23='Hlavní stránka'!AU$1,1,0) -> 0 | BC19: =IF('Tabulka klientů 2023'!$AP23='Hlavní stránka'!AU$1,1,0) -> 0 | BD19: =IF('Tabulka klientů 2023'!$AS23='Hlavní stránka'!AU$1,1,0) -> 0 | BE19: =IF('Tabulka klientů 2023'!$AV23='Hlavní stránka'!AU$1,1,0) -> 0 | BF19: =MAX(AU19:BE19) -> 0 | BG19: =BG18+BF18 -> 0 | BH19: =IF('Tabulka klientů 2023'!$R23='Hlavní stránka'!BH$1,1,0) -> 0 | BI19: =IF('Tabulka klientů 2023'!$U23='Hlavní stránka'!BH$1,1,0) -> 0 | BJ19: =IF('Tabulka klientů 2023'!$X23='Hlavní stránka'!BH$1,1,0) -> 0 | BK19: =IF('Tabulka klientů 2023'!$AA23='Hlavní stránka'!BH$1,1,0) -> 0 | BL19: =IF('Tabulka klientů 2023'!$AD23='Hlavní stránka'!BH$1,1,0) -> 0 | BM19: =IF('Tabulka klientů 2023'!$AG23='Hlavní stránka'!BH$1,1,0) -> 0 | BN19: =IF('Tabulka klientů 2023'!$AJ23='Hlavní stránka'!BH$1,1,0) -> 0 | BO19: =IF('Tabulka klientů 2023'!$AM23='Hlavní stránka'!BH$1,1,0) -> 0 | BP19: =IF('Tabulka klientů 2023'!$AP23='Hlavní stránka'!BH$1,1,0) -> 0 | BQ19: =IF('Tabulka klientů 2023'!$AS23='Hlavní stránka'!BH$1,1,0) -> 0 | BR19: =IF('Tabulka klientů 2023'!$AV23='Hlavní stránka'!BH$1,1,0) -> 0 | BS19: =MAX(BH19:BR19) -> 0 | BT19: =BT18+BS18 -> 0 | BU19: =IF('Tabulka klientů 2023'!$R23='Hlavní stránka'!BU$1,1,0) -> 0 | BV19: =IF('Tabulka klientů 2023'!$U23='Hlavní stránka'!BU$1,1,0) -> 0 | BW19: =IF('Tabulka klientů 2023'!$X23='Hlavní stránka'!BU$1,1,0) -> 0 | BX19: =IF('Tabulka klientů 2023'!$AA23='Hlavní stránka'!BU$1,1,0) -> 0 | BY19: =IF('Tabulka klientů 2023'!$AD23='Hlavní stránka'!BU$1,1,0) -> 0 | BZ19: =IF('Tabulka klientů 2023'!$AG23='Hlavní stránka'!BU$1,1,0) -> 0 | CA19: =IF('Tabulka klientů 2023'!$AJ23='Hlavní stránka'!BU$1,1,0) -> 0 | CB19: =IF('Tabulka klientů 2023'!$AM23='Hlavní stránka'!BU$1,1,0) -> 0 | CC19: =IF('Tabulka klientů 2023'!$AP23='Hlavní stránka'!BU$1,1,0) -> 0 | CD19: =IF('Tabulka klientů 2023'!$AS23='Hlavní stránka'!BU$1,1,0) -> 0 | CE19: =IF('Tabulka klientů 2023'!$AV23='Hlavní stránka'!BU$1,1,0) -> 0 | CF19: =MAX(BU19:CE19) -> 0 | CG19: =CG18+CF18 -> 0 | CH19: =IF('Tabulka klientů 2023'!$R23='Hlavní stránka'!CH$1,1,0) -> 0 | CI19: =IF('Tabulka klientů 2023'!$U23='Hlavní stránka'!CH$1,1,0) -> 0 | CJ19: =IF('Tabulka klientů 2023'!$X23='Hlavní stránka'!CH$1,1,0) -> 0 | CK19: =IF('Tabulka klientů 2023'!$AA23='Hlavní stránka'!CH$1,1,0) -> 0 | CL19: =IF('Tabulka klientů 2023'!$AD23='Hlavní stránka'!CH$1,1,0) -> 0 | CM19: =IF('Tabulka klientů 2023'!$AG23='Hlavní stránka'!CH$1,1,0) -> 0 | CN19: =IF('Tabulka klientů 2023'!$AJ23='Hlavní stránka'!CH$1,1,0) -> 0 | CO19: =IF('Tabulka klientů 2023'!$AM23='Hlavní stránka'!CH$1,1,0) -> 0 | CP19: =IF('Tabulka klientů 2023'!$AP23='Hlavní stránka'!CH$1,1,0) -> 0 | CQ19: =IF('Tabulka klientů 2023'!$AS23='Hlavní stránka'!CH$1,1,0) -> 0 | CR19: =IF('Tabulka klientů 2023'!$AV23='Hlavní stránka'!CH$1,1,0) -> 0 | CS19: =MAX(CH19:CR19) -> 0 | CT19: =CT18+CS18 -> 0 | CU19: =IF('Tabulka klientů 2023'!$R23='Hlavní stránka'!CU$1,1,0) -> 0 | CV19: =IF('Tabulka klientů 2023'!$U23='Hlavní stránka'!CU$1,1,0) -> 0 | CW19: =IF('Tabulka klientů 2023'!$X23='Hlavní stránka'!CU$1,1,0) -> 0 | CX19: =IF('Tabulka klientů 2023'!$AA23='Hlavní stránka'!CU$1,1,0) -> 0 | CY19: =IF('Tabulka klientů 2023'!$AD23='Hlavní stránka'!CU$1,1,0) -> 0 | CZ19: =IF('Tabulka klientů 2023'!$AG23='Hlavní stránka'!CU$1,1,0) -> 0 | DA19: =IF('Tabulka klientů 2023'!$AJ23='Hlavní stránka'!CU$1,1,0) -> 0 | DB19: =IF('Tabulka klientů 2023'!$AM23='Hlavní stránka'!CU$1,1,0) -> 0 | DC19: =IF('Tabulka klientů 2023'!$AP23='Hlavní stránka'!CU$1,1,0) -> 0 | DD19: =IF('Tabulka klientů 2023'!$AS23='Hlavní stránka'!CU$1,1,0) -> 0 | DE19: =IF('Tabulka klientů 2023'!$AV23='Hlavní stránka'!CU$1,1,0) -> 0 | DF19: =MAX(CU19:DE19) -> 0 | DG19: =DG18+DF18 -> 0 | DH19: =IF('Tabulka klientů 2023'!$R23='Hlavní stránka'!DH$1,1,0) -> 0 | DI19: =IF('Tabulka klientů 2023'!$U23='Hlavní stránka'!DH$1,1,0) -> 0 | DJ19: =IF('Tabulka klientů 2023'!$X23='Hlavní stránka'!DH$1,1,0) -> 0 | DK19: =IF('Tabulka klientů 2023'!$AA23='Hlavní stránka'!DH$1,1,0) -> 0 | DL19: =IF('Tabulka klientů 2023'!$AD23='Hlavní stránka'!DH$1,1,0) -> 0 | DM19: =IF('Tabulka klientů 2023'!$AG23='Hlavní stránka'!DH$1,1,0) -> 0 | DN19: =IF('Tabulka klientů 2023'!$AJ23='Hlavní stránka'!DH$1,1,0) -> 0 | DO19: =IF('Tabulka klientů 2023'!$AM23='Hlavní stránka'!DH$1,1,0) -> 0 | DP19: =IF('Tabulka klientů 2023'!$AP23='Hlavní stránka'!DH$1,1,0) -> 0 | DQ19: =IF('Tabulka klientů 2023'!$AS23='Hlavní stránka'!DH$1,1,0) -> 0 | DR19: =IF('Tabulka klientů 2023'!$AV23='Hlavní stránka'!DH$1,1,0) -> 0 | DS19: =MAX(DH19:DR19) -> 0 | DT19: =DT18+DS18 -> 0 | DU19: =IF('Tabulka klientů 2023'!$R23='Hlavní stránka'!DU$1,1,0) -> 0 | DV19: =IF('Tabulka klientů 2023'!$U23='Hlavní stránka'!DU$1,1,0) -> 0 | DW19: =IF('Tabulka klientů 2023'!$X23='Hlavní stránka'!DU$1,1,0) -> 0 | DX19: =IF('Tabulka klientů 2023'!$AA23='Hlavní stránka'!DU$1,1,0) -> 0 | DY19: =IF('Tabulka klientů 2023'!$AD23='Hlavní stránka'!DU$1,1,0) -> 0 | DZ19: =IF('Tabulka klientů 2023'!$AG23='Hlavní stránka'!DU$1,1,0) -> 0 | EA19: =IF('Tabulka klientů 2023'!$AJ23='Hlavní stránka'!DU$1,1,0) -> 0 | EB19: =IF('Tabulka klientů 2023'!$AM23='Hlavní stránka'!DU$1,1,0) -> 0 | EC19: =IF('Tabulka klientů 2023'!$AP23='Hlavní stránka'!DU$1,1,0) -> 0 | ED19: =IF('Tabulka klientů 2023'!$AS23='Hlavní stránka'!DU$1,1,0) -> 0 | EE19: =IF('Tabulka klientů 2023'!$AV23='Hlavní stránka'!DU$1,1,0) -> 0 | EF19: =MAX(DU19:EE19) -> 0 | EG19: =EG18+EF18 -> 0 | EH19: =IF('Tabulka klientů 2023'!$R23='Hlavní stránka'!EH$1,1,0) -> 0 | EI19: =IF('Tabulka klientů 2023'!$U23='Hlavní stránka'!EH$1,1,0) -> 0 | EJ19: =IF('Tabulka klientů 2023'!$X23='Hlavní stránka'!EH$1,1,0) -> 0 | EK19: =IF('Tabulka klientů 2023'!$AA23='Hlavní stránka'!EH$1,1,0) -> 0 | EL19: =IF('Tabulka klientů 2023'!$AD23='Hlavní stránka'!EH$1,1,0) -> 0 | EM19: =IF('Tabulka klientů 2023'!$AG23='Hlavní stránka'!EH$1,1,0) -> 0 | EN19: =IF('Tabulka klientů 2023'!$AJ23='Hlavní stránka'!EH$1,1,0) -> 0 | EO19: =IF('Tabulka klientů 2023'!$AM23='Hlavní stránka'!EH$1,1,0) -> 0 | EP19: =IF('Tabulka klientů 2023'!$AP23='Hlavní stránka'!EH$1,1,0) -> 0 | EQ19: =IF('Tabulka klientů 2023'!$AS23='Hlavní stránka'!EH$1,1,0) -> 0 | ER19: =IF('Tabulka klientů 2023'!$AV23='Hlavní stránka'!EH$1,1,0) -> 0 | ES19: =MAX(EH19:ER19) -> 0 | ET19: =ET18+ES18 -> 0 | EU19: =IF('Tabulka klientů 2023'!$R23='Hlavní stránka'!EU$1,1,0) -> 0 | EV19: =IF('Tabulka klientů 2023'!$U23='Hlavní stránka'!EU$1,1,0) -> 0 | EW19: =IF('Tabulka klientů 2023'!$X23='Hlavní stránka'!EU$1,1,0) -> 0 | EX19: =IF('Tabulka klientů 2023'!$AA23='Hlavní stránka'!EU$1,1,0) -> 0 | EY19: =IF('Tabulka klientů 2023'!$AD23='Hlavní stránka'!EU$1,1,0) -> 0 | EZ19: =IF('Tabulka klientů 2023'!$AG23='Hlavní stránka'!EU$1,1,0) -> 0 | FA19: =IF('Tabulka klientů 2023'!$AJ23='Hlavní stránka'!EU$1,1,0) -> 0 | FB19: =IF('Tabulka klientů 2023'!$AM23='Hlavní stránka'!EU$1,1,0) -> 0 | FC19: =IF('Tabulka klientů 2023'!$AP23='Hlavní stránka'!EU$1,1,0) -> 0 | FD19: =IF('Tabulka klientů 2023'!$AS23='Hlavní stránka'!EU$1,1,0) -> 0 | FE19: =IF('Tabulka klientů 2023'!$AV23='Hlavní stránka'!EU$1,1,0) -> 0 | FF19: =MAX(EU19:FE19) -> 0 | FG19: =FG18+FF18 -> 0
H20: =IF('Tabulka klientů 2023'!$R24='Hlavní stránka'!$H$1,1,0) -> 0 | I20: =IF('Tabulka klientů 2023'!$U24='Hlavní stránka'!$H$1,1,0) -> 0 | J20: =IF('Tabulka klientů 2023'!$X24='Hlavní stránka'!$H$1,1,0) -> 0 | K20: =IF('Tabulka klientů 2023'!$AA24='Hlavní stránka'!$H$1,1,0) -> 0 | L20: =IF('Tabulka klientů 2023'!$AD24='Hlavní stránka'!$H$1,1,0) -> 0 | M20: =IF('Tabulka klientů 2023'!$AG24='Hlavní stránka'!$H$1,1,0) -> 0 | N20: =IF('Tabulka klientů 2023'!$AJ24='Hlavní stránka'!$H$1,1,0) -> 0 | O20: =IF('Tabulka klientů 2023'!$AM24='Hlavní stránka'!$H$1,1,0) -> 0 | P20: =IF('Tabulka klientů 2023'!$AP24='Hlavní stránka'!$H$1,1,0) -> 0 | Q20: =IF('Tabulka klientů 2023'!$AS24='Hlavní stránka'!$H$1,1,0) -> 0 | R20: =IF('Tabulka klientů 2023'!$AV24='Hlavní stránka'!$H$1,1,0) -> 0 | S20: =MAX(H20:R20) -> 0 | T20: =T19+S19 -> 0 | U20: =IF('Tabulka klientů 2023'!$R24='Hlavní stránka'!U$1,1,0) -> 0 | V20: =IF('Tabulka klientů 2023'!$U24='Hlavní stránka'!U$1,1,0) -> 0 | W20: =IF('Tabulka klientů 2023'!$X24='Hlavní stránka'!U$1,1,0) -> 0 | X20: =IF('Tabulka klientů 2023'!$AA24='Hlavní stránka'!U$1,1,0) -> 0 | Y20: =IF('Tabulka klientů 2023'!$AD24='Hlavní stránka'!U$1,1,0) -> 0 | Z20: =IF('Tabulka klientů 2023'!$AG24='Hlavní stránka'!U$1,1,0) -> 0 | AA20: =IF('Tabulka klientů 2023'!$AJ24='Hlavní stránka'!U$1,1,0) -> 0 | AB20: =IF('Tabulka klientů 2023'!$AM24='Hlavní stránka'!U$1,1,0) -> 0 | AC20: =IF('Tabulka klientů 2023'!$AP24='Hlavní stránka'!U$1,1,0) -> 0 | AD20: =IF('Tabulka klientů 2023'!$AS24='Hlavní stránka'!U$1,1,0) -> 0 | AE20: =IF('Tabulka klientů 2023'!$AV24='Hlavní stránka'!U$1,1,0) -> 0 | AF20: =MAX(U20:AE20) -> 0 | AG20: =AG19+AF19 -> 0 | AH20: =IF('Tabulka klientů 2023'!$R24='Hlavní stránka'!AH$1,1,0) -> 0 | AI20: =IF('Tabulka klientů 2023'!$U24='Hlavní stránka'!AH$1,1,0) -> 0 | AJ20: =IF('Tabulka klientů 2023'!$X24='Hlavní stránka'!AH$1,1,0) -> 0 | AK20: =IF('Tabulka klientů 2023'!$AA24='Hlavní stránka'!AH$1,1,0) -> 0 | AL20: =IF('Tabulka klientů 2023'!$AD24='Hlavní stránka'!AH$1,1,0) -> 0 | AM20: =IF('Tabulka klientů 2023'!$AG24='Hlavní stránka'!AH$1,1,0) -> 0 | AN20: =IF('Tabulka klientů 2023'!$AJ24='Hlavní stránka'!AH$1,1,0) -> 0 | AO20: =IF('Tabulka klientů 2023'!$AM24='Hlavní stránka'!AH$1,1,0) -> 0 | AP20: =IF('Tabulka klientů 2023'!$AP24='Hlavní stránka'!AH$1,1,0) -> 0 | AQ20: =IF('Tabulka klientů 2023'!$AS24='Hlavní stránka'!AH$1,1,0) -> 0 | AR20: =IF('Tabulka klientů 2023'!$AV24='Hlavní stránka'!AH$1,1,0) -> 0 | AS20: =MAX(AH20:AR20) -> 0 | AT20: =AT19+AS19 -> 0 | AU20: =IF('Tabulka klientů 2023'!$R24='Hlavní stránka'!AU$1,1,0) -> 0 | AV20: =IF('Tabulka klientů 2023'!$U24='Hlavní stránka'!AU$1,1,0) -> 0 | AW20: =IF('Tabulka klientů 2023'!$X24='Hlavní stránka'!AU$1,1,0) -> 0 | AX20: =IF('Tabulka klientů 2023'!$AA24='Hlavní stránka'!AU$1,1,0) -> 0 | AY20: =IF('Tabulka klientů 2023'!$AD24='Hlavní stránka'!AU$1,1,0) -> 0 | AZ20: =IF('Tabulka klientů 2023'!$AG24='Hlavní stránka'!AU$1,1,0) -> 0 | BA20: =IF('Tabulka klientů 2023'!$AJ24='Hlavní stránka'!AU$1,1,0) -> 0 | BB20: =IF('Tabulka klientů 2023'!$AM24='Hlavní stránka'!AU$1,1,0) -> 0 | BC20: =IF('Tabulka klientů 2023'!$AP24='Hlavní stránka'!AU$1,1,0) -> 0 | BD20: =IF('Tabulka klientů 2023'!$AS24='Hlavní stránka'!AU$1,1,0) -> 0 | BE20: =IF('Tabulka klientů 2023'!$AV24='Hlavní stránka'!AU$1,1,0) -> 0 | BF20: =MAX(AU20:BE20) -> 0 | BG20: =BG19+BF19 -> 0 | BH20: =IF('Tabulka klientů 2023'!$R24='Hlavní stránka'!BH$1,1,0) -> 0 | BI20: =IF('Tabulka klientů 2023'!$U24='Hlavní stránka'!BH$1,1,0) -> 0 | BJ20: =IF('Tabulka klientů 2023'!$X24='Hlavní stránka'!BH$1,1,0) -> 0 | BK20: =IF('Tabulka klientů 2023'!$AA24='Hlavní stránka'!BH$1,1,0) -> 0 | BL20: =IF('Tabulka klientů 2023'!$AD24='Hlavní stránka'!BH$1,1,0) -> 0 | BM20: =IF('Tabulka klientů 2023'!$AG24='Hlavní stránka'!BH$1,1,0) -> 0 | BN20: =IF('Tabulka klientů 2023'!$AJ24='Hlavní stránka'!BH$1,1,0) -> 0 | BO20: =IF('Tabulka klientů 2023'!$AM24='Hlavní stránka'!BH$1,1,0) -> 0 | BP20: =IF('Tabulka klientů 2023'!$AP24='Hlavní stránka'!BH$1,1,0) -> 0 | BQ20: =IF('Tabulka klientů 2023'!$AS24='Hlavní stránka'!BH$1,1,0) -> 0 | BR20: =IF('Tabulka klientů 2023'!$AV24='Hlavní stránka'!BH$1,1,0) -> 0 | BS20: =MAX(BH20:BR20) -> 0 | BT20: =BT19+BS19 -> 0 | BU20: =IF('Tabulka klientů 2023'!$R24='Hlavní stránka'!BU$1,1,0) -> 0 | BV20: =IF('Tabulka klientů 2023'!$U24='Hlavní stránka'!BU$1,1,0) -> 0 | BW20: =IF('Tabulka klientů 2023'!$X24='Hlavní stránka'!BU$1,1,0) -> 0 | BX20: =IF('Tabulka klientů 2023'!$AA24='Hlavní stránka'!BU$1,1,0) -> 0 | BY20: =IF('Tabulka klientů 2023'!$AD24='Hlavní stránka'!BU$1,1,0) -> 0 | BZ20: =IF('Tabulka klientů 2023'!$AG24='Hlavní stránka'!BU$1,1,0) -> 0 | CA20: =IF('Tabulka klientů 2023'!$AJ24='Hlavní stránka'!BU$1,1,0) -> 0 | CB20: =IF('Tabulka klientů 2023'!$AM24='Hlavní stránka'!BU$1,1,0) -> 0 | CC20: =IF('Tabulka klientů 2023'!$AP24='Hlavní stránka'!BU$1,1,0) -> 0 | CD20: =IF('Tabulka klientů 2023'!$AS24='Hlavní stránka'!BU$1,1,0) -> 0 | CE20: =IF('Tabulka klientů 2023'!$AV24='Hlavní stránka'!BU$1,1,0) -> 0 | CF20: =MAX(BU20:CE20) -> 0 | CG20: =CG19+CF19 -> 0 | CH20: =IF('Tabulka klientů 2023'!$R24='Hlavní stránka'!CH$1,1,0) -> 0 | CI20: =IF('Tabulka klientů 2023'!$U24='Hlavní stránka'!CH$1,1,0) -> 0 | CJ20: =IF('Tabulka klientů 2023'!$X24='Hlavní stránka'!CH$1,1,0) -> 0 | CK20: =IF('Tabulka klientů 2023'!$AA24='Hlavní stránka'!CH$1,1,0) -> 0 | CL20: =IF('Tabulka klientů 2023'!$AD24='Hlavní stránka'!CH$1,1,0) -> 0 | CM20: =IF('Tabulka klientů 2023'!$AG24='Hlavní stránka'!CH$1,1,0) -> 0 | CN20: =IF('Tabulka klientů 2023'!$AJ24='Hlavní stránka'!CH$1,1,0) -> 0 | CO20: =IF('Tabulka klientů 2023'!$AM24='Hlavní stránka'!CH$1,1,0) -> 0 | CP20: =IF('Tabulka klientů 2023'!$AP24='Hlavní stránka'!CH$1,1,0) -> 0 | CQ20: =IF('Tabulka klientů 2023'!$AS24='Hlavní stránka'!CH$1,1,0) -> 0 | CR20: =IF('Tabulka klientů 2023'!$AV24='Hlavní stránka'!CH$1,1,0) -> 0 | CS20: =MAX(CH20:CR20) -> 0 | CT20: =CT19+CS19 -> 0 | CU20: =IF('Tabulka klientů 2023'!$R24='Hlavní stránka'!CU$1,1,0) -> 0 | CV20: =IF('Tabulka klientů 2023'!$U24='Hlavní stránka'!CU$1,1,0) -> 0 | CW20: =IF('Tabulka klientů 2023'!$X24='Hlavní stránka'!CU$1,1,0) -> 0 | CX20: =IF('Tabulka klientů 2023'!$AA24='Hlavní stránka'!CU$1,1,0) -> 0 | CY20: =IF('Tabulka klientů 2023'!$AD24='Hlavní stránka'!CU$1,1,0) -> 0 | CZ20: =IF('Tabulka klientů 2023'!$AG24='Hlavní stránka'!CU$1,1,0) -> 0 | DA20: =IF('Tabulka klientů 2023'!$AJ24='Hlavní stránka'!CU$1,1,0) -> 0 | DB20: =IF('Tabulka klientů 2023'!$AM24='Hlavní stránka'!CU$1,1,0) -> 0 | DC20: =IF('Tabulka klientů 2023'!$AP24='Hlavní stránka'!CU$1,1,0) -> 0 | DD20: =IF('Tabulka klientů 2023'!$AS24='Hlavní stránka'!CU$1,1,0) -> 0 | DE20: =IF('Tabulka klientů 2023'!$AV24='Hlavní stránka'!CU$1,1,0) -> 0 | DF20: =MAX(CU20:DE20) -> 0 | DG20: =DG19+DF19 -> 0 | DH20: =IF('Tabulka klientů 2023'!$R24='Hlavní stránka'!DH$1,1,0) -> 0 | DI20: =IF('Tabulka klientů 2023'!$U24='Hlavní stránka'!DH$1,1,0) -> 0 | DJ20: =IF('Tabulka klientů 2023'!$X24='Hlavní stránka'!DH$1,1,0) -> 0 | DK20: =IF('Tabulka klientů 2023'!$AA24='Hlavní stránka'!DH$1,1,0) -> 0 | DL20: =IF('Tabulka klientů 2023'!$AD24='Hlavní stránka'!DH$1,1,0) -> 0 | DM20: =IF('Tabulka klientů 2023'!$AG24='Hlavní stránka'!DH$1,1,0) -> 0 | DN20: =IF('Tabulka klientů 2023'!$AJ24='Hlavní stránka'!DH$1,1,0) -> 0 | DO20: =IF('Tabulka klientů 2023'!$AM24='Hlavní stránka'!DH$1,1,0) -> 0 | DP20: =IF('Tabulka klientů 2023'!$AP24='Hlavní stránka'!DH$1,1,0) -> 0 | DQ20: =IF('Tabulka klientů 2023'!$AS24='Hlavní stránka'!DH$1,1,0) -> 0 | DR20: =IF('Tabulka klientů 2023'!$AV24='Hlavní stránka'!DH$1,1,0) -> 0 | DS20: =MAX(DH20:DR20) -> 0 | DT20: =DT19+DS19 -> 0 | DU20: =IF('Tabulka klientů 2023'!$R24='Hlavní stránka'!DU$1,1,0) -> 0 | DV20: =IF('Tabulka klientů 2023'!$U24='Hlavní stránka'!DU$1,1,0) -> 0 | DW20: =IF('Tabulka klientů 2023'!$X24='Hlavní stránka'!DU$1,1,0) -> 0 | DX20: =IF('Tabulka klientů 2023'!$AA24='Hlavní stránka'!DU$1,1,0) -> 0 | DY20: =IF('Tabulka klientů 2023'!$AD24='Hlavní stránka'!DU$1,1,0) -> 0 | DZ20: =IF('Tabulka klientů 2023'!$AG24='Hlavní stránka'!DU$1,1,0) -> 0 | EA20: =IF('Tabulka klientů 2023'!$AJ24='Hlavní stránka'!DU$1,1,0) -> 0 | EB20: =IF('Tabulka klientů 2023'!$AM24='Hlavní stránka'!DU$1,1,0) -> 0 | EC20: =IF('Tabulka klientů 2023'!$AP24='Hlavní stránka'!DU$1,1,0) -> 0 | ED20: =IF('Tabulka klientů 2023'!$AS24='Hlavní stránka'!DU$1,1,0) -> 0 | EE20: =IF('Tabulka klientů 2023'!$AV24='Hlavní stránka'!DU$1,1,0) -> 0 | EF20: =MAX(DU20:EE20) -> 0 | EG20: =EG19+EF19 -> 0 | EH20: =IF('Tabulka klientů 2023'!$R24='Hlavní stránka'!EH$1,1,0) -> 0 | EI20: =IF('Tabulka klientů 2023'!$U24='Hlavní stránka'!EH$1,1,0) -> 0 | EJ20: =IF('Tabulka klientů 2023'!$X24='Hlavní stránka'!EH$1,1,0) -> 0 | EK20: =IF('Tabulka klientů 2023'!$AA24='Hlavní stránka'!EH$1,1,0) -> 0 | EL20: =IF('Tabulka klientů 2023'!$AD24='Hlavní stránka'!EH$1,1,0) -> 0 | EM20: =IF('Tabulka klientů 2023'!$AG24='Hlavní stránka'!EH$1,1,0) -> 0 | EN20: =IF('Tabulka klientů 2023'!$AJ24='Hlavní stránka'!EH$1,1,0) -> 0 | EO20: =IF('Tabulka klientů 2023'!$AM24='Hlavní stránka'!EH$1,1,0) -> 0 | EP20: =IF('Tabulka klientů 2023'!$AP24='Hlavní stránka'!EH$1,1,0) -> 0 | EQ20: =IF('Tabulka klientů 2023'!$AS24='Hlavní stránka'!EH$1,1,0) -> 0 | ER20: =IF('Tabulka klientů 2023'!$AV24='Hlavní stránka'!EH$1,1,0) -> 0 | ES20: =MAX(EH20:ER20) -> 0 | ET20: =ET19+ES19 -> 0 | EU20: =IF('Tabulka klientů 2023'!$R24='Hlavní stránka'!EU$1,1,0) -> 0 | EV20: =IF('Tabulka klientů 2023'!$U24='Hlavní stránka'!EU$1,1,0) -> 0 | EW20: =IF('Tabulka klientů 2023'!$X24='Hlavní stránka'!EU$1,1,0) -> 0 | EX20: =IF('Tabulka klientů 2023'!$AA24='Hlavní stránka'!EU$1,1,0) -> 0 | EY20: =IF('Tabulka klientů 2023'!$AD24='Hlavní stránka'!EU$1,1,0) -> 0 | EZ20: =IF('Tabulka klientů 2023'!$AG24='Hlavní stránka'!EU$1,1,0) -> 0 | FA20: =IF('Tabulka klientů 2023'!$AJ24='Hlavní stránka'!EU$1,1,0) -> 0 | FB20: =IF('Tabulka klientů 2023'!$AM24='Hlavní stránka'!EU$1,1,0) -> 0 | FC20: =IF('Tabulka klientů 2023'!$AP24='Hlavní stránka'!EU$1,1,0) -> 0 | FD20: =IF('Tabulka klientů 2023'!$AS24='Hlavní stránka'!EU$1,1,0) -> 0 | FE20: =IF('Tabulka klientů 2023'!$AV24='Hlavní stránka'!EU$1,1,0) -> 0 | FF20: =MAX(EU20:FE20) -> 0 | FG20: =FG19+FF19 -> 0
H21: =IF('Tabulka klientů 2023'!$R25='Hlavní stránka'!$H$1,1,0) -> 0 | I21: =IF('Tabulka klientů 2023'!$U25='Hlavní stránka'!$H$1,1,0) -> 0 | J21: =IF('Tabulka klientů 2023'!$X25='Hlavní stránka'!$H$1,1,0) -> 0 | K21: =IF('Tabulka klientů 2023'!$AA25='Hlavní stránka'!$H$1,1,0) -> 0 | L21: =IF('Tabulka klientů 2023'!$AD25='Hlavní stránka'!$H$1,1,0) -> 0 | M21: =IF('Tabulka klientů 2023'!$AG25='Hlavní stránka'!$H$1,1,0) -> 0 | N21: =IF('Tabulka klientů 2023'!$AJ25='Hlavní stránka'!$H$1,1,0) -> 0 | O21: =IF('Tabulka klientů 2023'!$AM25='Hlavní stránka'!$H$1,1,0) -> 0 | P21: =IF('Tabulka klientů 2023'!$AP25='Hlavní stránka'!$H$1,1,0) -> 0 | Q21: =IF('Tabulka klientů 2023'!$AS25='Hlavní stránka'!$H$1,1,0) -> 0 | R21: =IF('Tabulka klientů 2023'!$AV25='Hlavní stránka'!$H$1,1,0) -> 0 | S21: =MAX(H21:R21) -> 0 | T21: =T20+S20 -> 0 | U21: =IF('Tabulka klientů 2023'!$R25='Hlavní stránka'!U$1,1,0) -> 0 | V21: =IF('Tabulka klientů 2023'!$U25='Hlavní stránka'!U$1,1,0) -> 0 | W21: =IF('Tabulka klientů 2023'!$X25='Hlavní stránka'!U$1,1,0) -> 0 | X21: =IF('Tabulka klientů 2023'!$AA25='Hlavní stránka'!U$1,1,0) -> 0 | Y21: =IF('Tabulka klientů 2023'!$AD25='Hlavní stránka'!U$1,1,0) -> 0 | Z21: =IF('Tabulka klientů 2023'!$AG25='Hlavní stránka'!U$1,1,0) -> 0 | AA21: =IF('Tabulka klientů 2023'!$AJ25='Hlavní stránka'!U$1,1,0) -> 0 | AB21: =IF('Tabulka klientů 2023'!$AM25='Hlavní stránka'!U$1,1,0) -> 0 | AC21: =IF('Tabulka klientů 2023'!$AP25='Hlavní stránka'!U$1,1,0) -> 0 | AD21: =IF('Tabulka klientů 2023'!$AS25='Hlavní stránka'!U$1,1,0) -> 0 | AE21: =IF('Tabulka klientů 2023'!$AV25='Hlavní stránka'!U$1,1,0) -> 0 | AF21: =MAX(U21:AE21) -> 0 | AG21: =AG20+AF20 -> 0 | AH21: =IF('Tabulka klientů 2023'!$R25='Hlavní stránka'!AH$1,1,0) -> 0 | AI21: =IF('Tabulka klientů 2023'!$U25='Hlavní stránka'!AH$1,1,0) -> 0 | AJ21: =IF('Tabulka klientů 2023'!$X25='Hlavní stránka'!AH$1,1,0) -> 0 | AK21: =IF('Tabulka klientů 2023'!$AA25='Hlavní stránka'!AH$1,1,0) -> 0 | AL21: =IF('Tabulka klientů 2023'!$AD25='Hlavní stránka'!AH$1,1,0) -> 0 | AM21: =IF('Tabulka klientů 2023'!$AG25='Hlavní stránka'!AH$1,1,0) -> 0 | AN21: =IF('Tabulka klientů 2023'!$AJ25='Hlavní stránka'!AH$1,1,0) -> 0 | AO21: =IF('Tabulka klientů 2023'!$AM25='Hlavní stránka'!AH$1,1,0) -> 0 | AP21: =IF('Tabulka klientů 2023'!$AP25='Hlavní stránka'!AH$1,1,0) -> 0 | AQ21: =IF('Tabulka klientů 2023'!$AS25='Hlavní stránka'!AH$1,1,0) -> 0 | AR21: =IF('Tabulka klientů 2023'!$AV25='Hlavní stránka'!AH$1,1,0) -> 0 | AS21: =MAX(AH21:AR21) -> 0 | AT21: =AT20+AS20 -> 0 | AU21: =IF('Tabulka klientů 2023'!$R25='Hlavní stránka'!AU$1,1,0) -> 0 | AV21: =IF('Tabulka klientů 2023'!$U25='Hlavní stránka'!AU$1,1,0) -> 0 | AW21: =IF('Tabulka klientů 2023'!$X25='Hlavní stránka'!AU$1,1,0) -> 0 | AX21: =IF('Tabulka klientů 2023'!$AA25='Hlavní stránka'!AU$1,1,0) -> 0 | AY21: =IF('Tabulka klientů 2023'!$AD25='Hlavní stránka'!AU$1,1,0) -> 0 | AZ21: =IF('Tabulka klientů 2023'!$AG25='Hlavní stránka'!AU$1,1,0) -> 0 | BA21: =IF('Tabulka klientů 2023'!$AJ25='Hlavní stránka'!AU$1,1,0) -> 0 | BB21: =IF('Tabulka klientů 2023'!$AM25='Hlavní stránka'!AU$1,1,0) -> 0 | BC21: =IF('Tabulka klientů 2023'!$AP25='Hlavní stránka'!AU$1,1,0) -> 0 | BD21: =IF('Tabulka klientů 2023'!$AS25='Hlavní stránka'!AU$1,1,0) -> 0 | BE21: =IF('Tabulka klientů 2023'!$AV25='Hlavní stránka'!AU$1,1,0) -> 0 | BF21: =MAX(AU21:BE21) -> 0 | BG21: =BG20+BF20 -> 0 | BH21: =IF('Tabulka klientů 2023'!$R25='Hlavní stránka'!BH$1,1,0) -> 0 | BI21: =IF('Tabulka klientů 2023'!$U25='Hlavní stránka'!BH$1,1,0) -> 0 | BJ21: =IF('Tabulka klientů 2023'!$X25='Hlavní stránka'!BH$1,1,0) -> 0 | BK21: =IF('Tabulka klientů 2023'!$AA25='Hlavní stránka'!BH$1,1,0) -> 0 | BL21: =IF('Tabulka klientů 2023'!$AD25='Hlavní stránka'!BH$1,1,0) -> 0 | BM21: =IF('Tabulka klientů 2023'!$AG25='Hlavní stránka'!BH$1,1,0) -> 0 | BN21: =IF('Tabulka klientů 2023'!$AJ25='Hlavní stránka'!BH$1,1,0) -> 0 | BO21: =IF('Tabulka klientů 2023'!$AM25='Hlavní stránka'!BH$1,1,0) -> 0 | BP21: =IF('Tabulka klientů 2023'!$AP25='Hlavní stránka'!BH$1,1,0) -> 0 | BQ21: =IF('Tabulka klientů 2023'!$AS25='Hlavní stránka'!BH$1,1,0) -> 0 | BR21: =IF('Tabulka klientů 2023'!$AV25='Hlavní stránka'!BH$1,1,0) -> 0 | BS21: =MAX(BH21:BR21) -> 0 | BT21: =BT20+BS20 -> 0 | BU21: =IF('Tabulka klientů 2023'!$R25='Hlavní stránka'!BU$1,1,0) -> 0 | BV21: =IF('Tabulka klientů 2023'!$U25='Hlavní stránka'!BU$1,1,0) -> 0 | BW21: =IF('Tabulka klientů 2023'!$X25='Hlavní stránka'!BU$1,1,0) -> 0 | BX21: =IF('Tabulka klientů 2023'!$AA25='Hlavní stránka'!BU$1,1,0) -> 0 | BY21: =IF('Tabulka klientů 2023'!$AD25='Hlavní stránka'!BU$1,1,0) -> 0 | BZ21: =IF('Tabulka klientů 2023'!$AG25='Hlavní stránka'!BU$1,1,0) -> 0 | CA21: =IF('Tabulka klientů 2023'!$AJ25='Hlavní stránka'!BU$1,1,0) -> 0 | CB21: =IF('Tabulka klientů 2023'!$AM25='Hlavní stránka'!BU$1,1,0) -> 0 | CC21: =IF('Tabulka klientů 2023'!$AP25='Hlavní stránka'!BU$1,1,0) -> 0 | CD21: =IF('Tabulka klientů 2023'!$AS25='Hlavní stránka'!BU$1,1,0) -> 0 | CE21: =IF('Tabulka klientů 2023'!$AV25='Hlavní stránka'!BU$1,1,0) -> 0 | CF21: =MAX(BU21:CE21) -> 0 | CG21: =CG20+CF20 -> 0 | CH21: =IF('Tabulka klientů 2023'!$R25='Hlavní stránka'!CH$1,1,0) -> 0 | CI21: =IF('Tabulka klientů 2023'!$U25='Hlavní stránka'!CH$1,1,0) -> 0 | CJ21: =IF('Tabulka klientů 2023'!$X25='Hlavní stránka'!CH$1,1,0) -> 0 | CK21: =IF('Tabulka klientů 2023'!$AA25='Hlavní stránka'!CH$1,1,0) -> 0 | CL21: =IF('Tabulka klientů 2023'!$AD25='Hlavní stránka'!CH$1,1,0) -> 0 | CM21: =IF('Tabulka klientů 2023'!$AG25='Hlavní stránka'!CH$1,1,0) -> 0 | CN21: =IF('Tabulka klientů 2023'!$AJ25='Hlavní stránka'!CH$1,1,0) -> 0 | CO21: =IF('Tabulka klientů 2023'!$AM25='Hlavní stránka'!CH$1,1,0) -> 0 | CP21: =IF('Tabulka klientů 2023'!$AP25='Hlavní stránka'!CH$1,1,0) -> 0 | CQ21: =IF('Tabulka klientů 2023'!$AS25='Hlavní stránka'!CH$1,1,0) -> 0 | CR21: =IF('Tabulka klientů 2023'!$AV25='Hlavní stránka'!CH$1,1,0) -> 0 | CS21: =MAX(CH21:CR21) -> 0 | CT21: =CT20+CS20 -> 0 | CU21: =IF('Tabulka klientů 2023'!$R25='Hlavní stránka'!CU$1,1,0) -> 0 | CV21: =IF('Tabulka klientů 2023'!$U25='Hlavní stránka'!CU$1,1,0) -> 0 | CW21: =IF('Tabulka klientů 2023'!$X25='Hlavní stránka'!CU$1,1,0) -> 0 | CX21: =IF('Tabulka klientů 2023'!$AA25='Hlavní stránka'!CU$1,1,0) -> 0 | CY21: =IF('Tabulka klientů 2023'!$AD25='Hlavní stránka'!CU$1,1,0) -> 0 | CZ21: =IF('Tabulka klientů 2023'!$AG25='Hlavní stránka'!CU$1,1,0) -> 0 | DA21: =IF('Tabulka klientů 2023'!$AJ25='Hlavní stránka'!CU$1,1,0) -> 0 | DB21: =IF('Tabulka klientů 2023'!$AM25='Hlavní stránka'!CU$1,1,0) -> 0 | DC21: =IF('Tabulka klientů 2023'!$AP25='Hlavní stránka'!CU$1,1,0) -> 0 | DD21: =IF('Tabulka klientů 2023'!$AS25='Hlavní stránka'!CU$1,1,0) -> 0 | DE21: =IF('Tabulka klientů 2023'!$AV25='Hlavní stránka'!CU$1,1,0) -> 0 | DF21: =MAX(CU21:DE21) -> 0 | DG21: =DG20+DF20 -> 0 | DH21: =IF('Tabulka klientů 2023'!$R25='Hlavní stránka'!DH$1,1,0) -> 0 | DI21: =IF('Tabulka klientů 2023'!$U25='Hlavní stránka'!DH$1,1,0) -> 0 | DJ21: =IF('Tabulka klientů 2023'!$X25='Hlavní stránka'!DH$1,1,0) -> 0 | DK21: =IF('Tabulka klientů 2023'!$AA25='Hlavní stránka'!DH$1,1,0) -> 0 | DL21: =IF('Tabulka klientů 2023'!$AD25='Hlavní stránka'!DH$1,1,0) -> 0 | DM21: =IF('Tabulka klientů 2023'!$AG25='Hlavní stránka'!DH$1,1,0) -> 0 | DN21: =IF('Tabulka klientů 2023'!$AJ25='Hlavní stránka'!DH$1,1,0) -> 0 | DO21: =IF('Tabulka klientů 2023'!$AM25='Hlavní stránka'!DH$1,1,0) -> 0 | DP21: =IF('Tabulka klientů 2023'!$AP25='Hlavní stránka'!DH$1,1,0) -> 0 | DQ21: =IF('Tabulka klientů 2023'!$AS25='Hlavní stránka'!DH$1,1,0) -> 0 | DR21: =IF('Tabulka klientů 2023'!$AV25='Hlavní stránka'!DH$1,1,0) -> 0 | DS21: =MAX(DH21:DR21) -> 0 | DT21: =DT20+DS20 -> 0 | DU21: =IF('Tabulka klientů 2023'!$R25='Hlavní stránka'!DU$1,1,0) -> 0 | DV21: =IF('Tabulka klientů 2023'!$U25='Hlavní stránka'!DU$1,1,0) -> 0 | DW21: =IF('Tabulka klientů 2023'!$X25='Hlavní stránka'!DU$1,1,0) -> 0 | DX21: =IF('Tabulka klientů 2023'!$AA25='Hlavní stránka'!DU$1,1,0) -> 0 | DY21: =IF('Tabulka klientů 2023'!$AD25='Hlavní stránka'!DU$1,1,0) -> 0 | DZ21: =IF('Tabulka klientů 2023'!$AG25='Hlavní stránka'!DU$1,1,0) -> 0 | EA21: =IF('Tabulka klientů 2023'!$AJ25='Hlavní stránka'!DU$1,1,0) -> 0 | EB21: =IF('Tabulka klientů 2023'!$AM25='Hlavní stránka'!DU$1,1,0) -> 0 | EC21: =IF('Tabulka klientů 2023'!$AP25='Hlavní stránka'!DU$1,1,0) -> 0 | ED21: =IF('Tabulka klientů 2023'!$AS25='Hlavní stránka'!DU$1,1,0) -> 0 | EE21: =IF('Tabulka klientů 2023'!$AV25='Hlavní stránka'!DU$1,1,0) -> 0 | EF21: =MAX(DU21:EE21) -> 0 | EG21: =EG20+EF20 -> 0 | EH21: =IF('Tabulka klientů 2023'!$R25='Hlavní stránka'!EH$1,1,0) -> 0 | EI21: =IF('Tabulka klientů 2023'!$U25='Hlavní stránka'!EH$1,1,0) -> 0 | EJ21: =IF('Tabulka klientů 2023'!$X25='Hlavní stránka'!EH$1,1,0) -> 0 | EK21: =IF('Tabulka klientů 2023'!$AA25='Hlavní stránka'!EH$1,1,0) -> 0 | EL21: =IF('Tabulka klientů 2023'!$AD25='Hlavní stránka'!EH$1,1,0) -> 0 | EM21: =IF('Tabulka klientů 2023'!$AG25='Hlavní stránka'!EH$1,1,0) -> 0 | EN21: =IF('Tabulka klientů 2023'!$AJ25='Hlavní stránka'!EH$1,1,0) -> 0 | EO21: =IF('Tabulka klientů 2023'!$AM25='Hlavní stránka'!EH$1,1,0) -> 0 | EP21: =IF('Tabulka klientů 2023'!$AP25='Hlavní stránka'!EH$1,1,0) -> 0 | EQ21: =IF('Tabulka klientů 2023'!$AS25='Hlavní stránka'!EH$1,1,0) -> 0 | ER21: =IF('Tabulka klientů 2023'!$AV25='Hlavní stránka'!EH$1,1,0) -> 0 | ES21: =MAX(EH21:ER21) -> 0 | ET21: =ET20+ES20 -> 0 | EU21: =IF('Tabulka klientů 2023'!$R25='Hlavní stránka'!EU$1,1,0) -> 0 | EV21: =IF('Tabulka klientů 2023'!$U25='Hlavní stránka'!EU$1,1,0) -> 0 | EW21: =IF('Tabulka klientů 2023'!$X25='Hlavní stránka'!EU$1,1,0) -> 0 | EX21: =IF('Tabulka klientů 2023'!$AA25='Hlavní stránka'!EU$1,1,0) -> 0 | EY21: =IF('Tabulka klientů 2023'!$AD25='Hlavní stránka'!EU$1,1,0) -> 0 | EZ21: =IF('Tabulka klientů 2023'!$AG25='Hlavní stránka'!EU$1,1,0) -> 0 | FA21: =IF('Tabulka klientů 2023'!$AJ25='Hlavní stránka'!EU$1,1,0) -> 0 | FB21: =IF('Tabulka klientů 2023'!$AM25='Hlavní stránka'!EU$1,1,0) -> 0 | FC21: =IF('Tabulka klientů 2023'!$AP25='Hlavní stránka'!EU$1,1,0) -> 0 | FD21: =IF('Tabulka klientů 2023'!$AS25='Hlavní stránka'!EU$1,1,0) -> 0 | FE21: =IF('Tabulka klientů 2023'!$AV25='Hlavní stránka'!EU$1,1,0) -> 0 | FF21: =MAX(EU21:FE21) -> 0 | FG21: =FG20+FF20 -> 0
H22: =IF('Tabulka klientů 2023'!$R26='Hlavní stránka'!$H$1,1,0) -> 0 | I22: =IF('Tabulka klientů 2023'!$U26='Hlavní stránka'!$H$1,1,0) -> 0 | J22: =IF('Tabulka klientů 2023'!$X26='Hlavní stránka'!$H$1,1,0) -> 0 | K22: =IF('Tabulka klientů 2023'!$AA26='Hlavní stránka'!$H$1,1,0) -> 0 | L22: =IF('Tabulka klientů 2023'!$AD26='Hlavní stránka'!$H$1,1,0) -> 0 | M22: =IF('Tabulka klientů 2023'!$AG26='Hlavní stránka'!$H$1,1,0) -> 0 | N22: =IF('Tabulka klientů 2023'!$AJ26='Hlavní stránka'!$H$1,1,0) -> 0 | O22: =IF('Tabulka klientů 2023'!$AM26='Hlavní stránka'!$H$1,1,0) -> 0 | P22: =IF('Tabulka klientů 2023'!$AP26='Hlavní stránka'!$H$1,1,0) -> 0 | Q22: =IF('Tabulka klientů 2023'!$AS26='Hlavní stránka'!$H$1,1,0) -> 0 | R22: =IF('Tabulka klientů 2023'!$AV26='Hlavní stránka'!$H$1,1,0) -> 0 | S22: =MAX(H22:R22) -> 0 | T22: =T21+S21 -> 0 | U22: =IF('Tabulka klientů 2023'!$R26='Hlavní stránka'!U$1,1,0) -> 0 | V22: =IF('Tabulka klientů 2023'!$U26='Hlavní stránka'!U$1,1,0) -> 0 | W22: =IF('Tabulka klientů 2023'!$X26='Hlavní stránka'!U$1,1,0) -> 0 | X22: =IF('Tabulka klientů 2023'!$AA26='Hlavní stránka'!U$1,1,0) -> 0 | Y22: =IF('Tabulka klientů 2023'!$AD26='Hlavní stránka'!U$1,1,0) -> 0 | Z22: =IF('Tabulka klientů 2023'!$AG26='Hlavní stránka'!U$1,1,0) -> 0 | AA22: =IF('Tabulka klientů 2023'!$AJ26='Hlavní stránka'!U$1,1,0) -> 0 | AB22: =IF('Tabulka klientů 2023'!$AM26='Hlavní stránka'!U$1,1,0) -> 0 | AC22: =IF('Tabulka klientů 2023'!$AP26='Hlavní stránka'!U$1,1,0) -> 0 | AD22: =IF('Tabulka klientů 2023'!$AS26='Hlavní stránka'!U$1,1,0) -> 0 | AE22: =IF('Tabulka klientů 2023'!$AV26='Hlavní stránka'!U$1,1,0) -> 0 | AF22: =MAX(U22:AE22) -> 0 | AG22: =AG21+AF21 -> 0 | AH22: =IF('Tabulka klientů 2023'!$R26='Hlavní stránka'!AH$1,1,0) -> 0 | AI22: =IF('Tabulka klientů 2023'!$U26='Hlavní stránka'!AH$1,1,0) -> 0 | AJ22: =IF('Tabulka klientů 2023'!$X26='Hlavní stránka'!AH$1,1,0) -> 0 | AK22: =IF('Tabulka klientů 2023'!$AA26='Hlavní stránka'!AH$1,1,0) -> 0 | AL22: =IF('Tabulka klientů 2023'!$AD26='Hlavní stránka'!AH$1,1,0) -> 0 | AM22: =IF('Tabulka klientů 2023'!$AG26='Hlavní stránka'!AH$1,1,0) -> 0 | AN22: =IF('Tabulka klientů 2023'!$AJ26='Hlavní stránka'!AH$1,1,0) -> 0 | AO22: =IF('Tabulka klientů 2023'!$AM26='Hlavní stránka'!AH$1,1,0) -> 0 | AP22: =IF('Tabulka klientů 2023'!$AP26='Hlavní stránka'!AH$1,1,0) -> 0 | AQ22: =IF('Tabulka klientů 2023'!$AS26='Hlavní stránka'!AH$1,1,0) -> 0 | AR22: =IF('Tabulka klientů 2023'!$AV26='Hlavní stránka'!AH$1,1,0) -> 0 | AS22: =MAX(AH22:AR22) -> 0 | AT22: =AT21+AS21 -> 0 | AU22: =IF('Tabulka klientů 2023'!$R26='Hlavní stránka'!AU$1,1,0) -> 0 | AV22: =IF('Tabulka klientů 2023'!$U26='Hlavní stránka'!AU$1,1,0) -> 0 | AW22: =IF('Tabulka klientů 2023'!$X26='Hlavní stránka'!AU$1,1,0) -> 0 | AX22: =IF('Tabulka klientů 2023'!$AA26='Hlavní stránka'!AU$1,1,0) -> 0 | AY22: =IF('Tabulka klientů 2023'!$AD26='Hlavní stránka'!AU$1,1,0) -> 0 | AZ22: =IF('Tabulka klientů 2023'!$AG26='Hlavní stránka'!AU$1,1,0) -> 0 | BA22: =IF('Tabulka klientů 2023'!$AJ26='Hlavní stránka'!AU$1,1,0) -> 0 | BB22: =IF('Tabulka klientů 2023'!$AM26='Hlavní stránka'!AU$1,1,0) -> 0 | BC22: =IF('Tabulka klientů 2023'!$AP26='Hlavní stránka'!AU$1,1,0) -> 0 | BD22: =IF('Tabulka klientů 2023'!$AS26='Hlavní stránka'!AU$1,1,0) -> 0 | BE22: =IF('Tabulka klientů 2023'!$AV26='Hlavní stránka'!AU$1,1,0) -> 0 | BF22: =MAX(AU22:BE22) -> 0 | BG22: =BG21+BF21 -> 0 | BH22: =IF('Tabulka klientů 2023'!$R26='Hlavní stránka'!BH$1,1,0) -> 0 | BI22: =IF('Tabulka klientů 2023'!$U26='Hlavní stránka'!BH$1,1,0) -> 0 | BJ22: =IF('Tabulka klientů 2023'!$X26='Hlavní stránka'!BH$1,1,0) -> 0 | BK22: =IF('Tabulka klientů 2023'!$AA26='Hlavní stránka'!BH$1,1,0) -> 0 | BL22: =IF('Tabulka klientů 2023'!$AD26='Hlavní stránka'!BH$1,1,0) -> 0 | BM22: =IF('Tabulka klientů 2023'!$AG26='Hlavní stránka'!BH$1,1,0) -> 0 | BN22: =IF('Tabulka klientů 2023'!$AJ26='Hlavní stránka'!BH$1,1,0) -> 0 | BO22: =IF('Tabulka klientů 2023'!$AM26='Hlavní stránka'!BH$1,1,0) -> 0 | BP22: =IF('Tabulka klientů 2023'!$AP26='Hlavní stránka'!BH$1,1,0) -> 0 | BQ22: =IF('Tabulka klientů 2023'!$AS26='Hlavní stránka'!BH$1,1,0) -> 0 | BR22: =IF('Tabulka klientů 2023'!$AV26='Hlavní stránka'!BH$1,1,0) -> 0 | BS22: =MAX(BH22:BR22) -> 0 | BT22: =BT21+BS21 -> 0 | BU22: =IF('Tabulka klientů 2023'!$R26='Hlavní stránka'!BU$1,1,0) -> 0 | BV22: =IF('Tabulka klientů 2023'!$U26='Hlavní stránka'!BU$1,1,0) -> 0 | BW22: =IF('Tabulka klientů 2023'!$X26='Hlavní stránka'!BU$1,1,0) -> 0 | BX22: =IF('Tabulka klientů 2023'!$AA26='Hlavní stránka'!BU$1,1,0) -> 0 | BY22: =IF('Tabulka klientů 2023'!$AD26='Hlavní stránka'!BU$1,1,0) -> 0 | BZ22: =IF('Tabulka klientů 2023'!$AG26='Hlavní stránka'!BU$1,1,0) -> 0 | CA22: =IF('Tabulka klientů 2023'!$AJ26='Hlavní stránka'!BU$1,1,0) -> 0 | CB22: =IF('Tabulka klientů 2023'!$AM26='Hlavní stránka'!BU$1,1,0) -> 0 | CC22: =IF('Tabulka klientů 2023'!$AP26='Hlavní stránka'!BU$1,1,0) -> 0 | CD22: =IF('Tabulka klientů 2023'!$AS26='Hlavní stránka'!BU$1,1,0) -> 0 | CE22: =IF('Tabulka klientů 2023'!$AV26='Hlavní stránka'!BU$1,1,0) -> 0 | CF22: =MAX(BU22:CE22) -> 0 | CG22: =CG21+CF21 -> 0 | CH22: =IF('Tabulka klientů 2023'!$R26='Hlavní stránka'!CH$1,1,0) -> 0 | CI22: =IF('Tabulka klientů 2023'!$U26='Hlavní stránka'!CH$1,1,0) -> 0 | CJ22: =IF('Tabulka klientů 2023'!$X26='Hlavní stránka'!CH$1,1,0) -> 0 | CK22: =IF('Tabulka klientů 2023'!$AA26='Hlavní stránka'!CH$1,1,0) -> 0 | CL22: =IF('Tabulka klientů 2023'!$AD26='Hlavní stránka'!CH$1,1,0) -> 0 | CM22: =IF('Tabulka klientů 2023'!$AG26='Hlavní stránka'!CH$1,1,0) -> 0 | CN22: =IF('Tabulka klientů 2023'!$AJ26='Hlavní stránka'!CH$1,1,0) -> 0 | CO22: =IF('Tabulka klientů 2023'!$AM26='Hlavní stránka'!CH$1,1,0) -> 0 | CP22: =IF('Tabulka klientů 2023'!$AP26='Hlavní stránka'!CH$1,1,0) -> 0 | CQ22: =IF('Tabulka klientů 2023'!$AS26='Hlavní stránka'!CH$1,1,0) -> 0 | CR22: =IF('Tabulka klientů 2023'!$AV26='Hlavní stránka'!CH$1,1,0) -> 0 | CS22: =MAX(CH22:CR22) -> 0 | CT22: =CT21+CS21 -> 0 | CU22: =IF('Tabulka klientů 2023'!$R26='Hlavní stránka'!CU$1,1,0) -> 0 | CV22: =IF('Tabulka klientů 2023'!$U26='Hlavní stránka'!CU$1,1,0) -> 0 | CW22: =IF('Tabulka klientů 2023'!$X26='Hlavní stránka'!CU$1,1,0) -> 0 | CX22: =IF('Tabulka klientů 2023'!$AA26='Hlavní stránka'!CU$1,1,0) -> 0 | CY22: =IF('Tabulka klientů 2023'!$AD26='Hlavní stránka'!CU$1,1,0) -> 0 | CZ22: =IF('Tabulka klientů 2023'!$AG26='Hlavní stránka'!CU$1,1,0) -> 0 | DA22: =IF('Tabulka klientů 2023'!$AJ26='Hlavní stránka'!CU$1,1,0) -> 0 | DB22: =IF('Tabulka klientů 2023'!$AM26='Hlavní stránka'!CU$1,1,0) -> 0 | DC22: =IF('Tabulka klientů 2023'!$AP26='Hlavní stránka'!CU$1,1,0) -> 0 | DD22: =IF('Tabulka klientů 2023'!$AS26='Hlavní stránka'!CU$1,1,0) -> 0 | DE22: =IF('Tabulka klientů 2023'!$AV26='Hlavní stránka'!CU$1,1,0) -> 0 | DF22: =MAX(CU22:DE22) -> 0 | DG22: =DG21+DF21 -> 0 | DH22: =IF('Tabulka klientů 2023'!$R26='Hlavní stránka'!DH$1,1,0) -> 0 | DI22: =IF('Tabulka klientů 2023'!$U26='Hlavní stránka'!DH$1,1,0) -> 0 | DJ22: =IF('Tabulka klientů 2023'!$X26='Hlavní stránka'!DH$1,1,0) -> 0 | DK22: =IF('Tabulka klientů 2023'!$AA26='Hlavní stránka'!DH$1,1,0) -> 0 | DL22: =IF('Tabulka klientů 2023'!$AD26='Hlavní stránka'!DH$1,1,0) -> 0 | DM22: =IF('Tabulka klientů 2023'!$AG26='Hlavní stránka'!DH$1,1,0) -> 0 | DN22: =IF('Tabulka klientů 2023'!$AJ26='Hlavní stránka'!DH$1,1,0) -> 0 | DO22: =IF('Tabulka klientů 2023'!$AM26='Hlavní stránka'!DH$1,1,0) -> 0 | DP22: =IF('Tabulka klientů 2023'!$AP26='Hlavní stránka'!DH$1,1,0) -> 0 | DQ22: =IF('Tabulka klientů 2023'!$AS26='Hlavní stránka'!DH$1,1,0) -> 0 | DR22: =IF('Tabulka klientů 2023'!$AV26='Hlavní stránka'!DH$1,1,0) -> 0 | DS22: =MAX(DH22:DR22) -> 0 | DT22: =DT21+DS21 -> 0 | DU22: =IF('Tabulka klientů 2023'!$R26='Hlavní stránka'!DU$1,1,0) -> 0 | DV22: =IF('Tabulka klientů 2023'!$U26='Hlavní stránka'!DU$1,1,0) -> 0 | DW22: =IF('Tabulka klientů 2023'!$X26='Hlavní stránka'!DU$1,1,0) -> 0 | DX22: =IF('Tabulka klientů 2023'!$AA26='Hlavní stránka'!DU$1,1,0) -> 0 | DY22: =IF('Tabulka klientů 2023'!$AD26='Hlavní stránka'!DU$1,1,0) -> 0 | DZ22: =IF('Tabulka klientů 2023'!$AG26='Hlavní stránka'!DU$1,1,0) -> 0 | EA22: =IF('Tabulka klientů 2023'!$AJ26='Hlavní stránka'!DU$1,1,0) -> 0 | EB22: =IF('Tabulka klientů 2023'!$AM26='Hlavní stránka'!DU$1,1,0) -> 0 | EC22: =IF('Tabulka klientů 2023'!$AP26='Hlavní stránka'!DU$1,1,0) -> 0 | ED22: =IF('Tabulka klientů 2023'!$AS26='Hlavní stránka'!DU$1,1,0) -> 0 | EE22: =IF('Tabulka klientů 2023'!$AV26='Hlavní stránka'!DU$1,1,0) -> 0 | EF22: =MAX(DU22:EE22) -> 0 | EG22: =EG21+EF21 -> 0 | EH22: =IF('Tabulka klientů 2023'!$R26='Hlavní stránka'!EH$1,1,0) -> 0 | EI22: =IF('Tabulka klientů 2023'!$U26='Hlavní stránka'!EH$1,1,0) -> 0 | EJ22: =IF('Tabulka klientů 2023'!$X26='Hlavní stránka'!EH$1,1,0) -> 0 | EK22: =IF('Tabulka klientů 2023'!$AA26='Hlavní stránka'!EH$1,1,0) -> 0 | EL22: =IF('Tabulka klientů 2023'!$AD26='Hlavní stránka'!EH$1,1,0) -> 0 | EM22: =IF('Tabulka klientů 2023'!$AG26='Hlavní stránka'!EH$1,1,0) -> 0 | EN22: =IF('Tabulka klientů 2023'!$AJ26='Hlavní stránka'!EH$1,1,0) -> 0 | EO22: =IF('Tabulka klientů 2023'!$AM26='Hlavní stránka'!EH$1,1,0) -> 0 | EP22: =IF('Tabulka klientů 2023'!$AP26='Hlavní stránka'!EH$1,1,0) -> 0 | EQ22: =IF('Tabulka klientů 2023'!$AS26='Hlavní stránka'!EH$1,1,0) -> 0 | ER22: =IF('Tabulka klientů 2023'!$AV26='Hlavní stránka'!EH$1,1,0) -> 0 | ES22: =MAX(EH22:ER22) -> 0 | ET22: =ET21+ES21 -> 0 | EU22: =IF('Tabulka klientů 2023'!$R26='Hlavní stránka'!EU$1,1,0) -> 0 | EV22: =IF('Tabulka klientů 2023'!$U26='Hlavní stránka'!EU$1,1,0) -> 0 | EW22: =IF('Tabulka klientů 2023'!$X26='Hlavní stránka'!EU$1,1,0) -> 0 | EX22: =IF('Tabulka klientů 2023'!$AA26='Hlavní stránka'!EU$1,1,0) -> 0 | EY22: =IF('Tabulka klientů 2023'!$AD26='Hlavní stránka'!EU$1,1,0) -> 0 | EZ22: =IF('Tabulka klientů 2023'!$AG26='Hlavní stránka'!EU$1,1,0) -> 0 | FA22: =IF('Tabulka klientů 2023'!$AJ26='Hlavní stránka'!EU$1,1,0) -> 0 | FB22: =IF('Tabulka klientů 2023'!$AM26='Hlavní stránka'!EU$1,1,0) -> 0 | FC22: =IF('Tabulka klientů 2023'!$AP26='Hlavní stránka'!EU$1,1,0) -> 0 | FD22: =IF('Tabulka klientů 2023'!$AS26='Hlavní stránka'!EU$1,1,0) -> 0 | FE22: =IF('Tabulka klientů 2023'!$AV26='Hlavní stránka'!EU$1,1,0) -> 0 | FF22: =MAX(EU22:FE22) -> 0 | FG22: =FG21+FF21 -> 0
